url,Bill,Billable Hours,NonBillable Hours,invoice,Note,project_name,project_id,list_name,list_id,name,description,parent,status,tags,date_created,due_date,date_done,date_closed,order_index,estimated_hours,actual_hours
https://app.clickup.com/t/86b3xa6k0,yes,1,0,Aug 2025,"task, product sync",AWA - 406 Golf Carts,90144176082,WP From Scratch,901407715270,Import products via Product and Price Sync,,,complete,backend;406 golf carts,2025-02-12 11:17,2025-02-21 3:00,2025-03-06 15:13,,119450523,0.00,0.00
https://app.clickup.com/t/86b3fhq23,yes,1,0,Aug 2025,administration,EER - Encore Events Rentals,90142340906,WP <> WP - Website Migration & Build,901407334792,Make a copy existing WordPress (all files and database) - new dev environment in our WP Engine,"create prod site copy in customer's wpengine account
create sftp login
add website@twelvelegsmarketing.com to wpengine portal, setup ssh key pair
add wordpress admin user accounts for 12legs developers",,complete,backend;encore events rentals,2025-01-10 7:49,2025-01-16 13:00,2025-01-17 9:18,,119446713,0.00,0.00
https://app.clickup.com/t/86b3mz5cr,no,0,0.5,Aug 2025,support,EER - Encore Events Rentals,90142340906,Website Development,901404396025,"Look into Wishlist glitch, share details if you find them","Issue Kendall had today, more photos provided below",,complete,encore events rentals,2025-01-23 12:33,2025-01-27 2:00,2025-01-28 8:29,,119447637,0.00,0.00
https://app.clickup.com/t/86b3m6w2b,yes,0.5,0,Aug 2025,change images,EER - Encore Events Rentals,90142340906,Website Development,901404396025,Implement 3 alternative icons for quicksearch ,"hey Ruben please spend no more than 1 hour on this. For whatever strange reason, the client says customers are complaining about the eye balls lol and want a new icon we can use... so 
https://www.encoreeventsrentals.com/product-category/new-products/
for ruben, ask him whats better, explain that customers dont like eye, they want to see a different icon for the quick view, what alternative icons can we recommend? dont spend more than 1 hour look other possible icons, please provide 3 recommendation after 1hour , tag Jordan in comments when found 3",,complete,encore events rentals,2025-01-22 8:21,2025-01-23 2:00,2025-01-28 10:30,,119447669,0.00,0.00
https://app.clickup.com/t/86b3m6thn,no,0,0.5,Aug 2025,estimate,EER - Encore Events Rentals,90142340906,Website Development,901404396025,Time estimate for implementing smart search bar plugin for Encore,"Notes from call: 3) smart search bar example lounge chairs https://idahoeventrent.com/
https://www.encoreeventsrentals.com/ - assigning both Slavko and Jeremy as Im not sure who implemented smart search bar 
implemented for eventrent, plugin that's intuitive, can be trained... recommend look into the name of the plug in we used for eventrent... see if it will jive with encore and what they currently have, anything else in mind, let us know... 
hey guys, weve used this plugin for event rent, what would it take to implement for encore, can we do bulk tagging for catergories, do you foreswee any issues, how many hours... ? 
Please provide time estimate to implement smart search bar plugin, provide feedback in comments and tag jordan, thanks!",,complete,encore events rentals,2025-01-22 8:17,2025-01-24 2:00,2025-02-10 10:27,,119448668,0.00,0.00
https://app.clickup.com/t/86b3h91mh,yes,1,0,Aug 2025,,EER - Encore Events Rentals,90142340906,Website Development,901404396025,Resync venues in Alert to be options in Customer Portal,"Hey Jeremy, Emily's latest ask. Do you know what she's referring to?",,complete,encore events rentals,2025-01-14 14:59,2025-01-17 2:00,2025-02-10 10:28,,119448670,0.00,0.00
https://app.clickup.com/t/86b3m6mmq,no,0,1,Aug 2025,estimate,EER - Encore Events Rentals,90142340906,Website Development,901404396025,Provide time estimate to new product category page with expanded product list without bogging down speed,"Hey Ruben and Jeremy, for now please review the notes and answer the question in bold, can you work magic in 2 hours? here is the task team: 2) expand all products from only top 4 popular products without bogging down speed
need to cap to certain hours... here is the scenario, site is fast, everyone is happy, image sizes they love, if need to be shrunk, thats okay. how do we find balance between speed, looks (both theyre happy with) instead of users having to click through so much, how do we show more products without making the user click so much and keeping site loading quickly? 
minimize clicks which retain, look feel and speed... For Ruben and Dev, as design ruben and jeremy to start... need to tell kendall how much this might cost... 
how many hours does it make sense to spend on brainstorming solutions? a few hours (2) 
can we come up with a few creative solutions for this scenario within 2 hours? Yes or no... 
If yes,  please design something the reduces the total number of clicks to see more selection 
If yes,  please leave a comment and share your thoughts from Dev side 
Starting point is click 1: https://www.encoreeventsrentals.com/product-category/table-setting/
Click 2: https://www.encoreeventsrentals.com/product-category/table-setting/dinnerware/
click 3: https://www.encoreeventsrentals.com/product-category/table-setting/dinnerware/accent-bb-plates/",,complete,encore events rentals,2025-01-22 8:11,2025-01-24 2:00,2025-02-10 10:28,,119448672,0.00,0.00
https://app.clickup.com/t/86b40whah,no,0,1,Aug 2025,bugfix,EER - Encore Events Rentals,90142340906,WP <> WP - Website Migration & Build,901407334792,Breakdance stopped working on Encore,"Stefan: I get this error - Breakdance\Lib\Vendor\Whoops\Exception\ErrorException: The use statement with non-compound name 'Twl' has no effect in /nas/content/live/encoreeventdev/wp-content/plugins/encore-webres-custportal/lib/twl-woocommerce-account-invoice-portal.php on 2

Jeremy: Can you please tell me what you were doing specifically at the time the error occurred and/or include screenshots. What activity is this error preventing you from doing?",,complete,encore events rentals,2025-02-21 6:18,,2025-02-21 7:16,,119449565,0.00,0.00
https://app.clickup.com/t/86b3fhq30,no,0,6,Aug 2025,project management,EER - Encore Events Rentals,90142340906,WP <> WP - Website Migration & Build,901407334792,Report daily on completed tasks,,,complete,all;encore events rentals,2025-01-10 7:49,,2025-02-28 7:07,,119449956,0.00,0.00
https://app.clickup.com/t/86b3x5vc0,yes,4,0,Aug 2025,project,EER - Encore Events Rentals,90142340906,WP <> WP - Website Migration & Build,901407334792,Backend - Customer Portal,"Users can have 1 or many customer keys associated
Customer Switcher at top of my-account menu
First page is ""Reservations and Open Tickets""
Reservations and Open Tickets - Reservations and Open Tickets are combined into one page
Outstanding Balances
Open Invoices
Final Invoices
Make a Payment",,complete,encore events rentals,2025-02-12 7:03,2025-02-27 2:00,2025-03-17 7:27,,119450913,0.00,0.00
https://app.clickup.com/t/86b3x5vft,yes,4,10,Aug 2025,project,EER - Encore Events Rentals,90142340906,WP <> WP - Website Migration & Build,901407334792,Backend - Web Reservations,"Custom experience mimicking a contract
Only select users have accounts to allow for Creation of New Reservations and/or Modification of Existing Reservations
Custom eCommerce reports showing usage of ecommerce features by users - allows manual download of reports, and includes monthly reporting (cron)
Cart
Checkout
Thank You
Admin Options
Reporting - Starter; please review existing proposal for advanced reporting capabilities",,complete,encore events rentals,2025-02-12 7:04,2025-02-27 2:00,2025-03-19 15:48,,119451185,0.00,0.00
https://app.clickup.com/t/86b3x5v10,yes,4,4,Aug 2025,project,EER - Encore Events Rentals,90142340906,WP <> WP - Website Migration & Build,901407334792,Backend - Wishlist,"Custom Plugin Management
Request For Quote
Manage List
Create List
View List
Find List",,complete,encore events rentals,2025-02-12 7:02,2025-02-27 2:00,2025-03-21 9:11,,119451286,0.00,0.00
https://app.clickup.com/t/86b3x5v51,yes,4,4,Aug 2025,project,EER - Encore Events Rentals,90142340906,WP <> WP - Website Migration & Build,901407334792,Backend - Web Request,Existing functionality for Wishlist to submit requests for quote,,complete,encore events rentals,2025-02-12 7:02,2025-02-27 2:00,2025-03-21 9:11,,119451287,0.00,0.00
https://app.clickup.com/t/86b3x5vm5,yes,4,4,Aug 2025,project,EER - Encore Events Rentals,90142340906,WP <> WP - Website Migration & Build,901407334792,Backend - Add WebRequest Reports,"Track your funnel from WebRequest to contract in a simple dashboard
Analyze what WebRequests could have been handled better and/or upsold
Track traffic sources of WebRequests
Export detailed view as CSV for further analysis 
Daily, monthly and yearly breakdown
Example screens",,complete,encore events rentals,2025-02-12 7:04,2025-02-28 2:00,2025-03-21 9:11,,119451288,0.00,0.00
https://app.clickup.com/t/86b4axwwr,no,0,24,Aug 2025,project management,EER - Encore Events Rentals,90142340906,WP <> WP - Website Migration & Build,901407334792,New Website Launch Schedule,"Tuesday, March 18th - Please test all pages in the spreadsheet for backend and provide feedback by 12 PM PST Tuesday the latest. Front end pages were approved as of March 4th on our last call. 
Wednesday, March 19th - Please don't make any updates to the website as of this day, Tuesday March 18th is the last day to make updates before we sync the databases. 
Thursday & Friday, March 20th & 21st - We will sync databases to ensure everything on the current website is reflected on the new dev site. 
Saturday & Sunday, March 22nd & 23rd - Aim to deploy the new website over the weekend when Google Analytics shows there is less traffic to ensure your site is all set for the high traffic days mid week.",,complete,encore events rentals,2025-03-19 8:31,2025-03-22 2:00,2025-03-23 9:13,,119451326,0.00,0.00
https://app.clickup.com/t/86b4dn076,no,0,1,Aug 2025,bugfix,EER - Encore Events Rentals,90142340906,Website Development,901404396025,Troubleshoot Customer Portal issue,"Hey jeremy, let me know if you need any more information. I've requested any link thats not working for reference if they happened to share that with Kendall",,complete,encore events rentals,2025-03-26 15:05,2025-03-28 2:00,2025-03-26 16:04,,119451506,0.00,0.00
https://app.clickup.com/t/86b4qh4v7,no,0,2,Aug 2025,webrequest support,EER - Encore Events Rentals,90142340906,Website Development,901404396025,Web Request Performance Reports,"The webrequest performance reports stopped loading on 3/17/2025. Investigate and make sure the data is loaded, and the scheduled data load is working.
---
I don't really understand what she is asking for. Is she asking how to get the data? Is she having issues just downloading the files for various time frames?
What tab is she using in Web Request Performance Reports?

You might ask what she's trying to do or if she's getting stuck somewhere.
Maybe she could provide a very specific question she's trying to answer.

Does she have existing reporting she's trying to imitate? i.e. her existing website reports that show a Total Number and an Increase or Decrease over a previous performance period.... (I'm guessing this is what she wants)

Also, I looked quickly, and it looks like the data load stopped on 3-17... 🤯

@Jordan Highley please create a task for me ""Web Request Performance Reports"".",,complete,encore events rentals,2025-04-21 10:31,2025-04-25 2:00,2025-04-24 9:56,,119453689,0.00,0.00
https://app.clickup.com/t/86b50h93h,no,0,1,Aug 2025,webrequest support,EER - Encore Events Rentals,90142340906,Website Development,901404396025,Add WebRequest API monitoring for www.encoreeventsrentals.com to betteruptime,Made at the request of Jeremy after customer portal went down on 5.14 due to Alert API losing connection,,complete,encore events rentals,2025-05-14 13:39,2025-05-16 2:00,2025-05-15 8:56,,119455324,0.00,0.00
https://app.clickup.com/t/86b511x8x,yes,2,0,Aug 2025,fix bug from powershifter,EER - Encore Events Rentals,90142340906,Website Development,901404396025,Fix bulk availability check in checkout orders with lots of items,"user: tina@ohsplendidday.com
Alert Customer: 25219
Reservation: 126889
  
The submit button is disabled because when the cart loads, it checks the availability and that is failing.


When sending the request, there are so may items that alert is truncating the rental_class, and outputting a warning, making the api response unusable.


The feature was created by agency-1, powershifter, and it has a bug, because they didn't test it with tickets this big, and I'll have to update it.",,complete,encore events rentals,2025-05-15 15:10,2025-05-19 2:00,2025-05-16 8:25,,119455381,0.00,0.00
https://app.clickup.com/t/86b5acheq,no,0,1,Aug 2025,modified cron as courtesy,EER - Encore Events Rentals,90142340906,Website Development,901404396025,Provide time estimate for updating day ecomm reports are scheduled to run,"From our call yesterday, she shared this page having issues with links and some detail. 
Transcript & notes: https://docs.google.com/document/d/1QZKRqGGE79xP_NUFHsfcbe3ILwIEfGwkI7P9zjpXS3w/edit?usp=meet_tnfm_email&urp=gmail_link 
Recording: https://drive.google.com/file/d/1unUMXViA9NPZRsp9jORZn0wCJLVy4Ncp/view?usp=drive_web 

Kendall asked via email: https://www.encoreeventsrentals.com/wp-admin/admin.php?page=ecomm-report-list 
Can the scheduled reports be adjusted to run on the first of each month at midnight and sent the same day, first of every month and reflecting all the eCom data from the month prior? 



And lastly, I have cc’d @Emily Landrum here so she can chime in on the fact that eCom usage report data is not matching up with the client activity we see in Alert from them using it to update and create reservations. Emily, please take it away…. --→ added all info to new task about ecomm usage reports",,complete,encore events rentals,2025-06-11 7:55,2025-06-13 2:00,2025-06-11 11:48,,119456717,0.00,0.00
https://app.clickup.com/t/86b5acn84,yes,2,4,Aug 2025,ecomm and webrequest data incompatible. customize webrequest performance reports,EER - Encore Events Rentals,90142340906,Website Development,901404396025,Resolve eCom usage report data not matching up with Alert,"And lastly, I have cc’d @Emily Landrum here so she can chime in on the fact that eCom usage report data is not matching up with the client activity we see in Alert from them using it to update and create reservations. Emily, please take it away….
Emily to me: 
 Hi Jordan –
We do have good amount of users that were not showing on the report. I attached an email that shows a list of emails of clients using the portal that were not showing.
Let me know if you have any other questions!
Jordan to Emily: Emily, when I click on the email attached, it doesn't bring me to anything. Is there any chance you can either forward me 1) the original email and 2) a link to the report they are not showing up in?
Emily sent Jordan 2 separate emails, which I've forwarded to you Jeremy 
1st email:  forwarded your way with link to this task 

2nd email: forwarded your way with link to this task",,complete,encore events rentals,2025-06-11 8:04,2025-07-03 2:00,2025-07-31 16:00,,119460564,0.00,0.00
https://app.clickup.com/t/86b59fz3y,yes,3,10,Aug 2025,build looker studio prototype,EER - Encore Events Rentals,90142340906,Website Development,901404396025,Provide time estimate for connecting WR performance data to her looker studio - build prototype and propose to client,"Please work your magic Jeremy, but first let me know how long it'll take. Kendall's got 3 maintenance hours left for June https://lookerstudio.google.com/u/0/reporting/9eadd760-c3d0-4102-9177-e4b450e1459b/page/YKlOD",,complete,encore events rentals,2025-06-09 10:20,2025-07-11 2:00,2025-08-06 7:32,,119460972,0.00,0.00
https://app.clickup.com/t/86b59fz7n,yes,2,4,Aug 2025,update reports,EER - Encore Events Rentals,90142340906,Website Development,901404396025,Update web request performance reporting based on Kendall's feedback,"Same here, please provide time estimate first to do so.. to make sure it falls within their hours 
basically otherwise they need to approve more but kendall said boss gave her the okay 
, but by month? asked the client to confirm , her response below


Let her know

and then at the end of our call on 6.10, last 15 mins she went in on it so can watch this for reference
https://drive.google.com/file/d/1unUMXViA9NPZRsp9jORZn0wCJLVy4Ncp/view",,complete,encore events rentals,2025-06-09 10:21,2025-07-10 2:00,2025-08-06 7:34,,119460975,0.00,0.00
https://app.clickup.com/t/86b65wd1f,,,,,,EER - Encore Events Rentals,90142340906,Website Development,901404396025,Customer Portal Updates,"See subtasks for details

From Encore thread:  
1. allow overbooking
ooh la la weddings
133839
2. change to 91, then back to 90 - should keep as 90, not 91.
3. Invalid security token -> change to ""expired session, try again""
4. reservation checkout - add new items while on page, include a list of sections to add to the right section.
Call notes: https://docs.google.com/document/d/19eRXoDJqO7bXCVuCemq4kF9jBaPqZigCA-QLjdV8LCA/edit?tab=t.ht6cjf18uc4m",,complete,encore events rentals,2025-08-08 6:29,2025-08-26 2:00,2025-10-14 9:44,,119465497,0.00,0.00
https://app.clickup.com/t/86b65wfrz,,,,,,EER - Encore Events Rentals,90142340906,Website Development,901404396025,Looker Studio report fixes ,"5. looker studio report
a. Overview Logins - Remove
b. tems Added to Wishlists - Remove
c. Wishlists Saved - Keep - needs to have at least one item
d. Quotes Requested - fix this
e. Quotes Requested by Day of the Week - fix this
https://chat.google.com/room/AAAALQ0wHAY/q7NfvthlKbQ/q7NfvthlKbQ?cls=10Call  note
https://docs.google.com/document/d/19eRXoDJqO7bXCVuCemq4kF9jBaPqZigCA-QLjdV8LCA/edit?tab=t.ht6cjf18uc4m",,complete,encore events rentals,2025-08-08 6:33,2025-08-22 2:00,2025-09-19 7:45,,119463941,0.00,0.00
https://app.clickup.com/t/86b3fn451,no,0,1,Aug 2025,project setup,EER - Encore Events Rentals,90142340906,WP <> WP - Website Migration & Build,901407334792,create prod site copy in customer's wpengine account,,86b3fhq23,complete,encore events rentals,2025-01-10 10:54,2025-01-12 13:00,2025-01-10 10:56,,237638733,0.00,0.00
https://app.clickup.com/t/86b3fn468,no,0,0.25,Aug 2025,project setup,EER - Encore Events Rentals,90142340906,WP <> WP - Website Migration & Build,901407334792,create sftp login,,86b3fhq23,complete,encore events rentals,2025-01-10 10:55,2025-01-12 13:00,2025-01-10 10:56,,237638734,0.00,0.00
https://app.clickup.com/t/86b3fn47d,no,0,0.25,Aug 2025,project setup,EER - Encore Events Rentals,90142340906,WP <> WP - Website Migration & Build,901407334792,add website@twelvelegsmarketing.com to wpengine portal,,86b3fhq23,complete,encore events rentals,2025-01-10 10:55,2025-01-13 13:00,2025-01-14 6:01,,237638735,0.00,0.00
https://app.clickup.com/t/86b3fn4g4,no,0,0.25,Aug 2025,project setup,EER - Encore Events Rentals,90142340906,WP <> WP - Website Migration & Build,901407334792,add wordpress admin user accounts for 12legs developers,,86b3fhq23,complete,encore events rentals,2025-01-10 10:55,2025-01-12 13:00,2025-01-10 10:56,,237638736,0.00,0.00
https://app.clickup.com/t/86b3fn507,no,0,0.25,Aug 2025,project setup,EER - Encore Events Rentals,90142340906,WP <> WP - Website Migration & Build,901407334792,create ssh key pair for website@twelvelegsmarketing.com add details to lastpass,,86b3fhq23,complete,encore events rentals,2025-01-10 10:56,2025-01-13 13:00,2025-01-14 6:01,,237638737,0.00,0.00
https://app.clickup.com/t/86b3pvd0p,yes,2,0,Aug 2025,new sync,EER - Encore Events Rentals,90142340906,Website Development,901404396025,auto sync venues,,86b3h91mh,complete,encore events rentals,2025-01-28 9:12,2025-01-30 2:00,2025-03-29 8:36,,237639339,0.00,0.00
https://app.clickup.com/t/86b3wa2a5,,,,,,EER - Encore Events Rentals,90142340906,Website Development,901404396025,Prototype how Private Residence venue works when a reservation already has an address,,86b2ynyzc,complete,encore events rentals,2025-02-10 10:32,,2025-10-27 12:46,,237639786,0.00,0.00
https://app.clickup.com/t/86b4955fk,no,0,2,Aug 2025,project bugfix,EER - Encore Events Rentals,90142340906,WP <> WP - Website Migration & Build,901407334792,Fix layout issue with table expanding outside of section,,86b3x5vc0,complete,,2025-03-14 7:51,,2025-03-14 7:51,,237640440,0.00,0.00
https://app.clickup.com/t/86b4awcaz,no,0,2,Aug 2025,project bugfix,EER - Encore Events Rentals,90142340906,WP <> WP - Website Migration & Build,901407334792,Selecting venue is not a good experience,issues with the drop down selection of venues - it populates the tying drop down box out of the main view and then you cannot see it typed in. I did try using the vertical scroll bar- it wouldn’t scroll – it was stuck and kept bouncing.,86b3x5vft,complete,encore events rentals,2025-03-19 6:44,,2025-03-19 15:48,,237640547,0.00,0.00
https://app.clickup.com/t/86b4awg6e,no,0,2,Aug 2025,project bugfix,EER - Encore Events Rentals,90142340906,WP <> WP - Website Migration & Build,901407334792,Cant get it to save the delivery address once I finally managed to get it to let me select one,,86b3x5vft,complete,encore events rentals,2025-03-19 6:51,,2025-03-19 15:48,,237640548,0.00,0.00
https://app.clickup.com/t/86b4awgbf,no,0,2,Aug 2025,project bugfix,EER - Encore Events Rentals,90142340906,WP <> WP - Website Migration & Build,901407334792,Cannot add item to cart,"Tried to add an item to cart – the zinnia chargers – and got this pop up – and then couldn’t get further than this as it would not allow me to add items to the cart - link she shared: https://encoreeventdev.wpenginepowered.com/product/zinnia-plate/
that is the URL – I tried multiple items and got the same pop up screen though",86b3x5vft,complete,encore events rentals,2025-03-19 6:51,,2025-03-19 15:48,,237640549,0.00,0.00
https://app.clickup.com/t/86b4c0j7q,no,0,3,Aug 2025,project setup,EER - Encore Events Rentals,90142340906,WP <> WP - Website Migration & Build,901407334792,Sync and move files,"Encore - Migration Prod → Dev
 
Backup of prod
What's the target environment? 
1. Prod → Stg - LFS Setup (WPE Support)
2. Dev → Prod
How are we bringing it down for maintenance?
1. Password protection / Both envs
Who is syncing/moving files? - Jeremy
Who is moving the db? - Jeremy
Sync products from current prod to new site? (do we need to export as a first step? 
- Slavko",86b4axwwr,complete,encore events rentals,2025-03-21 10:29,2025-03-22 2:00,2025-03-23 9:12,,237640572,0.00,0.00
https://app.clickup.com/t/86b4c0j9w,no,0,1,Aug 2025,project setup,EER - Encore Events Rentals,90142340906,WP <> WP - Website Migration & Build,901407334792,Move database,"Encore - Migration Prod → Dev
 
Backup of prod
What's the target environment? 
1. Prod → Stg - LFS Setup (WPE Support)
2. Dev → Prod
How are we bringing it down for maintenance?
1. Password protection / Both envs
Who is syncing/moving files? - Jeremy
Who is moving the db? - Jeremy
Sync products from current prod to new site? (do we need to export as a first step? 
- Slavko",86b4axwwr,complete,encore events rentals,2025-03-21 10:29,2025-03-22 2:00,2025-03-23 9:12,,237640573,0.00,0.00
https://app.clickup.com/t/86b4fxj2y,,,,,,EER - Encore Events Rentals,90142340906,WP <> WP - Website Migration & Build,901407334792,Add webrequest connection test page,"add page to test alert connection for webrequest/mobile reports
add instructions to tango",86b4d2zme,complete,encore events rentals,2025-04-01 13:39,,2025-10-03 9:20,,237640947,0.00,0.00
https://app.clickup.com/t/86b65we3e,,,,,,EER - Encore Events Rentals,90142340906,Website Development,901404396025,1. allow overbooking,"From Encore thread:  
1. allow overbooking
ooh la la weddings
133839
2. change to 91, then back to 90 - should keep as 90, not 91.
3. Invalid security token -> change to ""expired session, try again""
4. reservation checkout - add new items while on page, include a list of sections to add to the right section.
Call notes:",86b65wd1f,complete,encore events rentals,2025-08-08 6:30,2025-08-26 4:00,2025-09-25 7:24,,237644038,0.00,0.00
https://app.clickup.com/t/86b65we5j,,,,,,EER - Encore Events Rentals,90142340906,Website Development,901404396025,"2. change to 91, then back to 90 - should keep as 90, not 91.","when the product is changed to 91, then back to 90, the update detects 91, but should still be 90.
make sure the logic for updating quantity and detecting changes is correct",86b65wd1f,complete,encore events rentals,2025-08-08 6:30,2025-08-26 4:00,2025-10-14 9:39,,237644039,0.00,0.00
https://app.clickup.com/t/86b65we70,,,,,,EER - Encore Events Rentals,90142340906,Website Development,901404396025,"3. Invalid security token -> change to ""expired session, try again""","From Encore thread:  
1. allow overbooking
ooh la la weddings
133839
2. change to 91, then back to 90 - should keep as 90, not 91.
3. Invalid security token -> change to ""expired session, try again""
4. reservation checkout - add new items while on page, include a list of sections to add to the right section.
Call notes:",86b65wd1f,complete,encore events rentals,2025-08-08 6:31,2025-08-26 4:00,2025-09-16 8:11,,237644040,0.00,0.00
https://app.clickup.com/t/86b65we98,,,,,,EER - Encore Events Rentals,90142340906,Website Development,901404396025,4. reservation checkout,"add new items while on page, include a list of sections to add to the right section.",86b65wd1f,complete,encore events rentals,2025-08-08 6:31,2025-08-26 4:00,2025-10-14 9:40,,237644041,0.00,0.00
https://app.clickup.com/t/86b65wgdg,yes,0.25,0,Aug 2025,task,EER - Encore Events Rentals,90142340906,Website Development,901404396025,a. Overview Logins - Remove,"5. looker studio report
a. Overview Logins - Remove
b. tems Added to Wishlists - Remove
c. Wishlists Saved - Keep - needs to have at least one item
d. Quotes Requested - fix this
e. Quotes Requested by Day of the Week - fix this
Call  note",86b65wfrz,complete,encore events rentals,2025-08-08 6:33,2025-08-14 2:00,2025-08-08 7:40,,237644043,0.00,0.00
https://app.clickup.com/t/86b65wgmc,yes,0.25,0,Aug 2025,task,EER - Encore Events Rentals,90142340906,Website Development,901404396025,b. items Added to Wishlists - Remove,"5. looker studio report
a. Overview Logins - Remove
b. tems Added to Wishlists - Remove
c. Wishlists Saved - Keep - needs to have at least one item
d. Quotes Requested - fix this
e. Quotes Requested by Day of the Week - fix this
Call  note",86b65wfrz,complete,encore events rentals,2025-08-08 6:34,2025-08-14 2:00,2025-08-08 7:40,,237644044,0.00,0.00
https://app.clickup.com/t/86b65wgrc,no,0,0,Aug 2025,no-op,EER - Encore Events Rentals,90142340906,Website Development,901404396025,c. Wishlists Saved - Keep,"5. looker studio report
a. Overview Logins - Remove
b. tems Added to Wishlists - Remove
c. Wishlists Saved - Keep - needs to have at least one item
d. Quotes Requested - fix this
e. Quotes Requested by Day of the Week - fix this
Call  note",86b65wfrz,complete,encore events rentals,2025-08-08 6:34,2025-08-14 2:00,2025-08-08 7:40,,237644045,0.00,0.00
https://app.clickup.com/t/86b65wgu8,,,,,,EER - Encore Events Rentals,90142340906,Website Development,901404396025,d. Quotes Requested - fix this,"5. looker studio report
a. Overview Logins - Remove
b. tems Added to Wishlists - Remove
c. Wishlists Saved - Keep - needs to have at least one item
d. Quotes Requested - fix this
e. Quotes Requested by Day of the Week - fix this
Call  note",86b65wfrz,complete,encore events rentals,2025-08-08 6:34,2025-08-22 2:00,2025-09-17 7:37,,237644046,0.00,0.00
https://app.clickup.com/t/86b65wgy1,,,,,,EER - Encore Events Rentals,90142340906,Website Development,901404396025,e. Quotes Requested by Day of the Week - fix this,"5. looker studio report
a. Overview Logins - Remove
b. tems Added to Wishlists - Remove
c. Wishlists Saved - Keep - needs to have at least one item
d. Quotes Requested - fix this
e. Quotes Requested by Day of the Week - fix this
Call  note",86b65wfrz,complete,encore events rentals,2025-08-08 6:34,2025-08-22 2:00,2025-09-17 7:38,,237644047,0.00,0.00
https://app.clickup.com/t/86b3e7tat,yes,1,,TL20251214A-rev2,,ER - EventRent,90141883221,Website Maintenance/Website Technical Issues,901403965619,"add ""Lighting"" & ""Temperature Control"" checkboxes to tent form","Hey jeremy, the client confirmed this 1 hour time estimate and will buy 4 more support hours to get it done. 
Please add two more check boxes to all canopy options, one for “Lighting” and one for “Temperature Control"", to the existing ceiling liner, leg drapes and side walls so there are 5 check boxes in total.",,complete,event rent idaho,2025-01-07 12:56,2025-01-09 2:00,2025-01-13 11:58,,119446362,0.00,0.00
https://app.clickup.com/t/86b3kcded,no,0,1,Aug 2025,bugfix,ER - EventRent,90141883221,Website Maintenance/Website Technical Issues,901403965619,Investigate and resolve latest issue causing return date not showing,Hey Jeremy here is a task for you to mark complete once you resolve whatever is breaking this feature Dina wanted,,complete,,2025-01-20 11:34,2025-01-22 2:00,2025-01-28 15:48,,119447715,0.00,0.00
https://app.clickup.com/t/86b43waar,no,0,2,Aug 2025,"project management, code review",ER - EventRent,90141883221,Website Maintenance/Website Technical Issues,901403965619,Investigate why delivery areas/fees and window fees are no longer pushing through in Alert - .5 hours to investigate / fix or provide time estimate,"Fourth: The delivery areas/fees and window fees are no longer pushing through to the tickets in Alert.
This should have pulled with a BOISE delivery area and fee and both a DEL8 and DELPM window fee in the sales items.",,complete,event rent idaho,2025-02-28 12:41,2025-03-04 2:00,2025-03-24 7:33,,119451330,0.00,0.00
https://app.clickup.com/t/86b4kakyk,,,,,,ER - EventRent,90141883221,Website Maintenance/Website Technical Issues,901403965619,Implement Delivery Areas,"From Mar 21: For item 4, we will have that ready for you to review next week as our team wraps up a few large projects this week. Old related task 
According to our team, the Delivery Areas solution was an addition to the original website build that we started; however we were asked to put it on hold and that's why it's not completed. Next week, we will complete that for you and have it ready to test.",,complete,event rent idaho,2025-04-09 14:35,2025-08-29 2:00,2025-10-01 9:56,,119464713,0.00,0.00
https://app.clickup.com/t/86b5eptn4,no,0,2,Aug 2025,webrequest support,ER - EventRent,90141883221,Website Maintenance/Website Technical Issues,901403965619,"Resolve [## 74742 ##] ""Record Exists- Key Not Unique"" Error When Converting Web Requests",,,complete,event rent idaho,2025-06-23 12:26,2025-06-26 2:00,2025-07-18 6:32,,119459554,0.00,0.00
https://app.clickup.com/t/86b661rpq,no,0,2,Aug 2025,webrequest support,ER - EventRent,90141883221,Website Maintenance/Website Technical Issues,901403965619,Fix sales item issue in Web Request,"Related to thread I forwarded you via email, let me know if you need anything else. Thank you!
Here are the two products: 
https://idahoeventrent.com/wp-admin/post.php?post=54832&action=edit
https://idahoeventrent.com/wp-admin/post.php?post=58009&action=edit
https://idahoeventrent.com/wp-admin/post.php?action=edit&post=67370",,complete,event rent idaho,2025-08-08 9:16,2025-08-11 2:00,2025-08-08 10:54,,119461138,0.00,0.00
https://app.clickup.com/t/86b3fk9a1,no,0,,,cancelled,ER - EventRent,90141883221,Website Maintenance/Website Technical Issues,901403965619,Automatically add related products to the webrequest,"The scenario: We have added a variable item on the website for Clear Top Canopies. In Alert, these are not their own standalong items. The clear tops are related items to the canopies that they are an option for, but need to be selected. These could also be added as a separate item, if not chosen in the kit. To my knowledge, there isn’t a way to make an item on the website choose more than one item in Alert, but I wanted to check in to make sure. The example below would be the 40x100 canopy. In order to make it a clear top canopy, we would need RC#1103 + 2- RC#1233 + 3 – RC#1232.",,cancelled,,2025-01-10 9:33,2025-01-14 2:00,2025-01-16 13:04,2025-08-10 12:50,119461151,0.00,0.00
https://app.clickup.com/t/86b3gjj9n,no,0,1,Aug 2025,client cancelled,ER - EventRent,90141883221,Website Maintenance/Website Technical Issues,901403965619,Update data based on clients response,"Jeremy Simmons 
yes. it implies she wants the code to work with all 7 of those skus.
and that there are a total of 14 rows of data to define.

Jeremy Simmons
which is nice, b/c that should take someone <10m to update the data manually",86b3fk9a1,cancelled,,2025-01-13 10:34,2025-01-14 2:00,2025-01-16 13:03,2025-01-16 13:03,237638776,0.00,0.00
https://app.clickup.com/t/86b3ctqee,no,0,,,webrequest support,WebRequest Roadmap,901404777094,WebRequest Roadmap,901404777094,Delivery times should be a list of sales items or standard hours,"Delivery times should be a list of sales items or standard hours.
In idaho event rent, when shipipng type is delivery, they have a list of sales items instead of hours.
Make this a standard feature so that the start_time and end_time can be a list of products.",,to do,alert-webrequest;webrequest roadmap;eventrent,2025-01-03 8:58,,,,119445332,0.00,0.00
https://app.clickup.com/t/86b3rkh7z,no,0,2,Aug 2025,webrequest support,Product & Price Sync - Roadmap,901407618546,Product & Price Sync - Roadmap,901407618546,Product and Price Sync Logs - Please add a View and Download button on main log screen,Product and Price Sync Logs - Please add a View and Download button on main log screen,,complete,alert rental-product & price sync,2025-01-31 8:39,2025-02-14 4:00,2025-01-31 10:16,2025-01-31 10:16,119448013,0.00,0.00
https://app.clickup.com/t/86b3rkhjh,no,0,2,Aug 2025,webrequest support,Product & Price Sync - Roadmap,901407618546,Product & Price Sync - Roadmap,901407618546,Product and Price Sync Logs - Please add a Download button on the individual log detail screen,Product and Price Sync Logs - Please add a Download button on the individual log detail screen,,complete,alert rental-product & price sync,2025-01-31 8:39,2025-02-14 4:00,2025-01-31 10:16,2025-01-31 10:16,119448014,0.00,0.00
https://app.clickup.com/t/86b3tx7jc,,,,,,WebRequest Roadmap,901404777094,WebRequest Roadmap,901404777094,Add WebRequest Performance Details to Order Detail in Admin,"when viewing the order detail in woocommerce admin, if webrequest performance details is enabled, include columns that are included in the grid columns / export
contract #
ticket total
last time updated",,to do,alert-webrequest;webrequest roadmap,2025-02-04 10:09,,,,119432824.9,0.00,0.00
https://app.clickup.com/t/86b3vhhw6,,,,,,WebRequest Roadmap,901404777094,WebRequest Roadmap,901404777094,Add audit log for WebRequest settings,,,to do,webrequest roadmap;alert-webrequest,2025-02-07 9:09,,,,119448583,0.00,0.00
https://app.clickup.com/t/86b3rkmt0,no,0,0,Aug 2025,roadmap,Product & Price Sync - Roadmap,901407618546,Product & Price Sync - Roadmap,901407618546,Product & Price Sync Logs - please look into the search capability (when on the log details screen) - currently you need to click into the text section to actually trigger the search of content vs browser,Product & Price Sync Logs - please look into the search capability (when on the log details screen) - currently you need to click into the text section to actually trigger the search of content vs browser,,complete,alert rental-product & price sync,2025-01-31 8:42,2025-02-14 4:00,2025-02-15 14:15,2025-02-15 14:15,119449194,0.00,0.00
https://app.clickup.com/t/86b4ducmc,no,0,2,Aug 2025,webrequest roadmap,WebReservations - Roadmap,901408385607,WebReservations - Roadmap,901408385607,Product and Price Sync Logs - Please add a View and Download button on main log screen,Product and Price Sync Logs - Please add a View and Download button on main log screen,,complete,alert rental-product & price sync,2025-03-27 5:56,2025-02-14 4:00,2025-01-31 10:16,2025-01-31 10:16,119451534,0.00,0.00
https://app.clickup.com/t/86b4ducmg,no,0,2,Aug 2025,webrequest roadmap,WebReservations - Roadmap,901408385607,WebReservations - Roadmap,901408385607,Product and Price Sync Logs - Please add a Download button on the individual log detail screen,Product and Price Sync Logs - Please add a Download button on the individual log detail screen,,complete,alert rental-product & price sync,2025-03-27 5:56,2025-02-14 4:00,2025-01-31 10:16,2025-01-31 10:16,119451535,0.00,0.00
https://app.clickup.com/t/86b4ducmf,no,0,2,Aug 2025,webrequest roadmap,WebReservations - Roadmap,901408385607,WebReservations - Roadmap,901408385607,Product & Price Sync Logs - please look into the search capability (when on the log details screen) - currently you need to click into the text section to actually trigger the search of content vs browser,Product & Price Sync Logs - please look into the search capability (when on the log details screen) - currently you need to click into the text section to actually trigger the search of content vs browser,,complete,alert rental-product & price sync,2025-03-27 5:56,2025-02-14 4:00,2025-02-15 14:15,2025-02-15 14:15,119451536,0.00,0.00
https://app.clickup.com/t/86b4hedjj,,,,,,WebRequest Roadmap,901404777094,WebRequest Roadmap,901404777094,integrate with Gutenberg Blocks - Two layouts for Checkout Page > WooCommerce forces a specific checkout > when WC renders it's UI it knows which layout is the default cart,integrate with Gutenberg Blocks - Two layouts for Checkout Page > WooCommerce forces a specific checkout > when WC renders it's UI it knows which layout is the default cart,,to do,alert-webrequest;webrequest roadmap,2025-04-04 9:43,,,,119452803,0.00,0.00
https://app.clickup.com/t/86b4hee9d,,,,,,WebRequest Roadmap,901404777094,WebRequest Roadmap,901404777094,Moving Alert Proxy to new IP address,Moving Alert Proxy to new IP address,,complete,alert-webrequest;webrequest roadmap,2025-04-04 9:44,2025-04-29 14:00,2026-03-27 8:51,2026-03-27 8:51,119475893,0.00,0.00
https://app.clickup.com/t/86b4heegj,,,,,,WebRequest Roadmap,901404777094,WebRequest Roadmap,901404777094,Support multiple connections,Support multiple connections (Suburban was the first and Illusions Rentals have similar connections),,to do,alert-webrequest;webrequest roadmap,2025-04-04 9:45,,,,119478838,0.00,0.00
https://app.clickup.com/t/86b53a0yq,,,,,,WebRequest Roadmap,901404777094,WebRequest Roadmap,901404777094,call for pricing - simple products,"wp-content/plugins/woocommerce-call-for-pricing/lib/tlm-variation-custom-field.php only works for variable products, and should also work for simple products

the ""Show 0 instead of ""Call for price"" checkbox that controls the display_zero postmeta is only available for variations, and should also work for simple products.
add support for simple products
move the checkbox before the label. make sure there is space between checkbox and text per standard admin styles (using woocommerce_wp_checkbox which may not be appropriate )",,to do,alert-webrequest;webrequest roadmap,2025-05-22 8:26,,,,119452809.7,0.00,0.00
https://app.clickup.com/t/86b5dwx40,no,0,0.5,Aug 2025,rover roadmap,Alert Rover,901407315363,Alert Rover,901407315363,Please install GTM on Alert Rover,"Please see attached file for tags needing to be installed.

I am pushing the following retargeting pixels:
Meta (Facebook and Instagram)
Quantcast
Basis
Google Ads

You have a pending invitation to the container:


Please go to https://tagmanager.google.com/  to accept.",,complete,alert-rover,2025-06-20 9:08,2025-06-24 4:00,2025-06-30 14:02,2025-06-30 14:02,119457873,0.00,0.00
https://app.clickup.com/t/86b5dx1vc,no,0,0.5,Aug 2025,alert roadmap,AlertSign,901409585028,AlertSign,901409585028,Please install GTM on AlertSign,"Please see attached file for tags needing to be installed.

I am pushing the following retargeting pixels:
Meta (Facebook and Instagram)
Quantcast
Basis
Google Ads

You have a pending invitation to the container:


Please go to https://tagmanager.google.com/  to accept.",,complete,alert-rover,2025-06-20 9:16,2025-06-24 4:00,2025-06-30 14:02,2025-06-30 14:02,119457874,0.00,0.00
https://app.clickup.com/t/86b5r2j89,,,,,,WebRequest Roadmap,901404777094,WebRequest Roadmap,901404777094,Move widget styles for webrequest features in Service Rentals from theme to plugin,,,to do,alert-webrequest,2025-07-18 10:07,,,,119459583,0.00,0.00
https://app.clickup.com/t/86b4q1qg2,no,0,4,Aug 2025,webrequest roadmap,Product & Price Sync - Roadmap,901407618546,Product & Price Sync - Roadmap,901407618546,Please add a field for IGNORE SKU/RC,"Add a new field that ""ignores"" certain RCs that won't ever get synced.
Allow for bulk inclusions - selecting a cell range from excel and copy/pasting to a text area.
If a product is on the ignore list, and it's already a product, it will get moved to the trash",,complete,alert rental-product & price sync,2025-04-18 16:02,2025-04-21 4:00,2025-07-22 7:51,2025-07-22 7:51,119459815,0.00,0.00
https://app.clickup.com/t/86b4heeq0,no,0,0,Aug 2025,"see tablescapes, service-rentals projects",WebRequest Roadmap,901404777094,WebRequest Roadmap,901404777094,Support multiple locations pricing >> Price & Product Sync,Support multiple locations pricing >> Price & Product Sync,,complete,alert-webrequest;webrequest roadmap,2025-04-04 9:45,2025-04-29 14:00,2025-07-22 7:52,2025-07-22 7:52,119459816,0.00,0.00
https://app.clickup.com/t/86b5t3n1t,,,,,,WebRequest Roadmap,901404777094,WebRequest Roadmap,901404777094,Add support for Multiple Connections & Cart Types,"Suburban Rental has Multiple Cart Types (Event/Tool) and Multiple Connections (api endpoints)
Once a cart type has been established, it prevents items that are in a different cart type from being added.  
i.e. Categories including and under top level categories specify cart types  https://suburbanrental.net/tools/ vs https://suburbanrental.net/party/.

The connection for tools is https://96.47.11.19:8124  and party is https://96.47.11.19:8123.

Make both of these concepts first-class capabilities in the Web Request plugin so that Suburban doesn't require a custom solution for either concept.",,to do,webrequest,2025-07-22 7:53,,,,119432227,0.00,0.00
https://app.clickup.com/t/86b5z0mkh,,,,,,WebRequest Roadmap,901404777094,WebRequest Roadmap,901404777094,create a page to share details of cart for support,"Create a shortcode and page that displays a dump of the necessary cart details to debug multiple locations and multiple-prices, specifically on-demand prices.
The contents should be in a text-area, and easily selectable so they can be emails to website@twelvelegsmarketing.com for support.",,to do,service rentals and supplies;webrequest,2025-07-31 10:15,,,,119460981,0.00,0.00
https://app.clickup.com/t/86b5z0j8a,,,,,,WebRequest Roadmap,901404777094,WebRequest Roadmap,901404777094,Display status of the webrequest api connection in the admin header,"check the status of the webrequest api connection periodically. and store in an option
display the status of the webrequest api stored in the option in the admin header
if the status of the webrequest api is down, display a banner in the woocommerce order list and woocommerce order detail pages",,to do,service rentals and supplies;webrequest,2025-07-31 10:14,,,,119432227.3,0.00,0.00
https://app.clickup.com/t/86b5z0j2n,,,,,,WebRequest Roadmap,901404777094,WebRequest Roadmap,901404777094,add start/end dates to the order items in woocommerce admin order detail,Make sure all details captured for on-demand items are displayed in items grid in woocommerce order admin detail for troubleshooting. Consider adding a toggle so they're off by dy default.,,to do,webrequest;service rentals and supplies,2025-07-31 10:13,,,,119461018,0.00,0.00
https://app.clickup.com/t/86b4umg6q,yes,4,0,Aug 2025,webrequest / price sync update,KL - Koopman Lumber,90142555599,Website Development,901408828969,Update/Customize Price & Product Sync,"ISSUE
The hourly rate lines on all individual rental pages:
product/pressure-washer-2500-psi-stihl-rb200/

This is not an error. If you look at the attachment named rentalPage.jpg, you can see how the rental period is displayed in hours, overnight, daily, etc. I manually removed the hourly rate for each rental product twice, but the rate returns when the API is called. I manually made the updates for each product on the Product Detail page (productDetail.jpg). I also found this page (rentalPriceOption.jpg) and noticed that there isn't even an hourly option listed.

REQUEST
I am confused as to why the hourly rate is displayed when it isn't even an option on the Rental Price Options page—I hope you can clarify that for me. We want the ability to hide any of the rates (rental) sitewide, ensuring that they are not overwritten with the sync. Alternatively, we would like the hourly option removed if 4 hours is not enough development time.

Please let me know if you need any further clarification. I have forwarded your invoice to  AP for processing.",,complete,koopman lumber,2025-04-29 8:54,,2025-05-12 10:05,,119455031,4.00,0.00
https://app.clickup.com/t/86b3u5nx1,no,0,2,Aug 2025,webrequest support,PLR - Party Line Rentals,,Website Maintenance/ Website Technical Issues,,Review Layla's latest requests,"From Layla, please leave feedback in comments and label 1,2,3:
So I might have run into a problem but im not sure yet
I put in an order for myself test Tabakovic. Changed the customer name to my name Layla Tabakovic – employee
1) For some reason it says that the wr status is unprocessed?
What am I doing wrong? Does webrequest website acknowledge that we changed the name on the alert side? maybe I am being inpatient and the system needs to update? I will double check in the morning the status to see if has changed.
 
2) Also – are you able to send some data on another customers webrequest totals? I just want to compare if we are in line with other companies for conversions: something like this:
I'm assuming the answer is no to this? 
 
3) Also – can you have Jeremy to update 2024 just one more time? I fixed the reservations that should be bids to get a more accurate reading. 

4) Also these webrequest orders are missing from the portal? Not sure why?
Order 30429
Order 30430",,complete,party line rentals,2025-02-04 15:33,2025-02-06 2:00,2025-02-06 10:02,,119448442,,
https://app.clickup.com/t/86b3wyzhw,yes,1,0,Aug 2025,"task, report",PLR - Party Line Rentals,,Website Content Update,,Add event date to WebRequest Report,"Hey Jeremy, Layla asked if it was possible to add event date to the WebRequest reports? No rush on this right now but some good feedback that may be worth implementing. Let me know what you think or if there is any way for her to pull that info, I can let her know.",,complete,party line rentals,2025-02-11 14:39,2025-03-26 2:00,2025-03-27 7:53,,119451544,,
https://app.clickup.com/t/86b3x0jrv,yes,0.5,0,Aug 2025,task,PLR - Party Line Rentals,,Website Content Update,,Reorganize product category page ,"Hey team, how can we enable manual reoganizing of products in any given category? Basically the client wants the list of tents below to show up at the top of this page https://partylinerentals.com/product-category/tents/. I believe this is similar to what Encore has in order to manaually add most popular products at the top. Let me know if you have questions or need any more info 
When you click on learn more, we have to change the order of which they show up
Fiesta
High Peak
Navi-Trac
Clear Top
Sailcloth
Venue and Structure
Custom Tents
Marquee",,complete,party line rentals,2025-02-11 15:55,2025-03-31 2:00,2025-04-01 7:01,,119451880,,
https://app.clickup.com/t/86b4pwpxj,no,0,2,Aug 2025,webrequest support,PLR - Party Line Rentals,,Website Maintenance/ Website Technical Issues,,Look into WebRequest questions - For Jan & Feb,"Hey Jordan
Happy Friday! Happy Easter!
Hope all is well. I was taking a look at the web requests for January 2025 and I noticed something
 










30370
1/18/2025 20:11
Tara Nystrom
tatameg1@yahoo.com
90
6796
Converted
Bid
762658
135.81
30361
1/14/2025 14:56
Hadley Miller
hadleypmiller@gmail.com
148.2
6788
Converted
Bid
762303
250.7
30404
1/28/2025 11:43
Kayla Hartigan
hartigankayla@gmail.com
0
6850
Converted
Bid
764117
1728.38










 
Right now the bid total is

 
I get the 135.81 + 250.70 = 386.51 but in alert the total for bid #762658 is 485.81 (I think your report is not capturing deposits) because there is a 350 deposit so 485-350 = 135.81. we would like alert total in there 485.81. then bid#764117 1728.38 is not showing up in your bid totals for some reason
 
Also wr transcation # 6760 doesn’t show up when I download the report.
 
new bid total should be 2464.89
 
Please let me know if you agree. Thank you!",,complete,party line rentals,2025-04-18 8:21,2025-05-02 2:00,2025-06-03 14:23,,119456341,,
https://app.clickup.com/t/86b4p5er4,no,0,3,Aug 2025,organizational,PLR - Party Line Rentals,,Website Maintenance/ Website Technical Issues,,WebRequest Inquiries,"From layla, I added each request as a subtask below to best organize it. Please review and let me know if you have any questions",,complete,party line rentals,2025-04-16 14:28,2025-05-14 2:00,2025-06-05 12:28,,119456435,,
https://app.clickup.com/t/86b4ckgky,yes,4,4,Aug 2025,task,PLR - Party Line Rentals,,Website Maintenance/ Website Technical Issues,,Implement automatic WR Status updates ,"Got this email from layla, did my best to decipher and ask her for more info. Lets implement for May 15th based on the feedback:  I can accomplish this for < 3 hours.
This will include following:
1. a configuration screen to map between the status of the webrequest record from alert and a woocommerce status
2. the code which changes the woocommerce order status based on the mapping.
3. deployment and validation of the feature in production.

From layla: Hey Jordan Happy Friday!
If you can share this with your dev team (Jeremy) who works on the webrequests. its the web request from wordpress for PLR in totals for 2025 for Q1. we can talk about it on our next call! Tell them thank you for adding the event dates! your team is the best. I will explain the madness and just a few tweaks to (1) see if you can pull data from alert in your reports (change the radius to not target certain towns like table & chairs for NY,NY, Brooklyn, deleted contracts, sales initials, etc,) (2) Also how does the status work? do i manually have to go on the back end or can we code the contracts (c-#) to the status completed, deleted (d-# ) = cancelled, reservations processing, bids are on hold) ive only done the contracts so far but i didnt know what i was doing so i stopped so i apologize if it messed anything up. Also all totals and webrequests is running so smoothly i love the system and so does kenny! thank you everyone!! Have a great weekend
I've Asked Layla to:
Invite you to the doc to view 
Reminded her we can make statuses auto, do you want that? 
please share list of data point from alert you want to see pulled",,complete,party line rentals,2025-03-24 10:06,2025-05-15 2:00,2025-07-22 7:59,,119459819,,
https://app.clickup.com/t/86b5wd92u,,,,,,PLR - Party Line Rentals,,Website Maintenance/ Website Technical Issues,,Troubleshoot WebRequest order detail generation,"is there a way to make an existing order in alert– the webrequest to be able to track it? 
Forexample:
In woocommerce –
https://partylinerentals.com/wp-admin/edit.php?s=zambelli&post_status=all&post_type=shop_order&action=-1&m=202506&_created_via&_customer_user&paged=1&action2=-1 
It’s a bid now because they didn’t follow through with the order from the webrequest. 
They created a whole new ticket and disregarded the webrequest ticket",,complete,party line rentals,2025-07-28 12:33,,2025-08-11 8:47,,119461275,,
https://app.clickup.com/t/86b4p5fag,yes,1,0,Aug 2025,task,PLR - Party Line Rentals,,Website Maintenance/ Website Technical Issues,,Add Clerk Initials to WR Reporting and WR order dashboard,"Can this be done? please provide a time estimate: 
 Here’s a more detailed breakdown of what I wanted to bring up:
 
Event Date Column – Great Addition!
Thank you for adding the event date to the spreadsheet—it’s incredibly helpful!
 
Web Requests Reports & Order Dashboard
Is it possible to add clerk initials as columns in both the downloadable report and the order dashboard?
Clerk Initials: This might need to be sourced from Alert.
Also, is there a setting I need to toggle to make the event date visible on the order dashboard? I’d love to have clerk ID show on both the live view and the exported report to save us time from manually entering it from tickets.",86b4p5er4,complete,party line rentals,2025-04-16 14:29,2025-05-13 2:00,2025-06-05 12:28,,237641379,,
https://app.clickup.com/t/86b4p5g4e,no,0,2,Aug 2025,"estimate, support",PLR - Party Line Rentals,,Website Maintenance/ Website Technical Issues,,Question about Deleted Contracts,"From the client, can we do this and if so, please provide a time estimate: 
 Deleted Contracts

Currently, when a contract is deleted in Alert, it shows as $0 in your report—even though the original total is still on the ticket.

Would it be possible to:
Capture the original Alert total even after deletion and uploaded that total to woo commerce?
Show deleted contracts in the report as a separate total/ category for tracking?

Right now, it's pulling the estimated total from when the web request was submitted, which can be misleading after deletion. In a perfect world, I'd like to see Bid, Reservation and Contracts total match Alert's numbers and be able to see deleted separately to mitigate confusion. 
  
 I'm finally getting time to do this, and I'm seeing the screenshot from Apr 22.
I can tell you now that she's not going to be happy if I give her a new column with the woocommerce order total, and not the last alert ticket total. She is going to want to work with alert to get the right values into the webreqlist.eq..

There is no such thing as a deleted contract. Alert has two records (database tables) they are WebRequest and Ticket. A Ticket goes through several phases, Bid, Reservation, Contract, Invoice. We need to be VERY specific about what we're talking about. You can tell from her screenshot, the Ticket has never made it to Contract Phase. It's impossible for this to be a deleted ""contract"". I realize in ""english"" a ""contract"" is any piece of paper with a signature, but in Alert, a Contract. has a VERY specific meaning. We have to be using exact Alert specific language in the requirements.
I can send the screenshot to Alert, but it won't be enough to pinpoint what we need to understand. What I and Alert will really need, is for Layla to fully reproduce the scenario (between 1-3 times) and send us multiple things for each scenario. 1. the woocommerce order number and it's total. 2. the webrequest number. 3. the Ticket number, the phase it was what it deleted, and why its total is different from the woocommerce order /webrequest.",86b4p5er4,complete,party line rentals,2025-04-16 14:31,2025-04-18 2:00,2025-04-25 19:22,,237641380,,
https://app.clickup.com/t/86b4p5k8f,no,0,2,Aug 2025,"estimate, support",PLR - Party Line Rentals,,Website Maintenance/ Website Technical Issues,,3 Questions about Auto Emails,"Hey Jeremy, we might already know the answer of this, it may be editing the emails here so please confirm and I can answer number 1 for you. Correct me if Im wrong but she can do so by going to this link  and updating the processing order email herself, right?  Please review 2 and 3 below and let me know. 
 WooCommerce Statuses & Emails
Here are the key statuses:
Completed= Contract (C-#)
Processing= Reservation (R-#)
Pending Payment= Bid/Quote (B-#)
 

Questions:
Can we customize the email text for each status? For example, I’d like to include:
A link for reviews
Contact info for support/questions
Does the Processing email reflect the Alert total or WooCommerce total? ie. product total only or delivery and tax included? 
Is there a way to preview or edit the current email templates?",86b4p5er4,complete,party line rentals,2025-04-16 14:34,2025-04-18 2:00,2025-04-17 9:44,,237641381,,
https://app.clickup.com/t/86b4pwwje,no,0,3,Aug 2025,webrequest support,PLR - Party Line Rentals,,Website Maintenance/ Website Technical Issues,,New Feb question,"Hope all is well Happy Friday!
 
I was taking a look at the total for February 2025 and I noticed something
 
These are the only 2 bids in the system for February






6894
Converted
Bid
765215
1211.03
Desktop
6866
Converted
Bid
764446
4480.44
Desktop

But the total is showing 7610.98 – I downloaded the report but I cannot find what matches to that total.
 
New bid total should be 5691.47. please let me know if you agree.
 
Thank you!",86b4pwpxj,complete,party line rentals,2025-04-18 8:34,2025-05-02 2:00,2025-06-03 14:23,,237641405,,
https://app.clickup.com/t/86b4qp21k,yes,2,0,Aug 2025,task,PLR - Party Line Rentals,,Website Maintenance/ Website Technical Issues,,Please add deleted contracts as another report total/column,,86b4p5er4,complete,party line rentals,2025-04-21 15:05,2025-05-14 2:00,2025-06-05 12:28,,237641499,,
https://app.clickup.com/t/86b410n1y,no,0,1,Aug 2025,webrequest support,SR - Suburban Rental,90141883313,Website Maintenance/ Website Technical Issues,901403684755,Investigate and correct how sales items are processed in Alert,"Sales Items and Inventory: The team addressed issues with sales items for party rentals (e.g., cotton candy machines) and tools, where item numbers weren't correctly recognized in the Alert system.
https://suburbanrental.net/ around 20:30 minutes in  
From transcript
Jordan Highley: I guess maybe I didn't interpret that it was the sales number not coming in correctly. Okay.
Ryan: And I think we did on the website it's denoted with an S in alert. that's not the case.
Ralitsa Carter: that's so for the reason why on the website we keep it noted with an S is because sometimes the rental class number and the sales class number overlap. that keeps it safe so the website doesn't get confused with what's what.
Ryan: Yeah. Fine. which and…the minute we move it into alert the S gets dropped.
Ralitsa Carter: Yep. We can fix that for you.",,complete,suburban rental,2025-02-21 10:47,2025-02-25 2:00,2025-03-28 7:37,,119451593,0.00,0.00
https://app.clickup.com/t/86b410mx7,no,0,1,Aug 2025,webrequest support,SR - Suburban Rental,90141883313,Website Maintenance/ Website Technical Issues,901403684755,Fix issue with tool rental items numbers that lead with 0,"From the call transcript: https://suburbanrental.net/ around 19:30 minutes in  
Ryan: we have a couple of rental items. They start with zero and it really doesn't register when through when you select it on the website. So, a lot of the older equipment in tool rental I think is most of the stuff where we have a zero at the front. I don't know if has two. So, it's just three digits. So, in alert it's 0230 or something like that. It doesn't register the zero. So it comes through unrecognized. So then we have to search the item on a separate screen to figure out…

Ralitsa Carter: Yes,…
Ryan: what it is. Same thing in party. If it leads with that zero, it does not register it as a digit. And so it's unrecognized as a three-digit thing. And we're just wondering if there's a way to make that zero an actual digit, usable.
Ralitsa Carter: absolutely. I appreciate this feedback. we'll definitely get that fixed up.
Ralitsa Carter: That should not be happening. So, …",,complete,suburban rental,2025-02-21 10:46,2025-02-25 2:00,2025-03-28 7:37,,119451594,0.00,0.00
https://app.clickup.com/t/86b3jkpfx,no,0,1,Aug 2025,webrequest support,SR - Suburban Rental,90141883313,Website Management/Updates,901403628592,Investigate current sales items configuration,"Hey Jeremy, made a task for you to keep track of this. Any answer I get about their # of sales items and type I will share in the comments so we can brainstorm in here. Let me know what you find or if you need any other info from the client. https://suburbanrental.net/category/party-rentals/concession-equipment-supplies/concession-supplies/",,complete,,2025-01-17 9:16,2025-04-14 2:00,2025-04-21 15:31,,119453573,0.00,0.00
https://app.clickup.com/t/86b4rfubq,yes,12,8,Aug 2025,"webrequest project, location customization, locations sync, price sync for multiple prices/multiple locations",SRS - Service Rentals and Supplies,90142362564,Volatile <> WP - Website Migration,901407312176,CUSTOMIZATION: WebRequest one dataset with six locations,"enable user to choose location at start of experience, which determines inventory user can see
If Inventory is not available at current location, ""Call For Pricing""",,complete,backend;service rentals and supplies,2025-04-23 12:05,2025-06-23 2:00,2025-06-17 11:19,,119457089,0.00,0.00
https://app.clickup.com/t/86b4rftuq,yes,1,2,Aug 2025,webrequest project,SRS - Service Rentals and Supplies,90142362564,Volatile <> WP - Website Migration,901407312176,Install and Setup WebRequest,"The current WebRequest experience does not utilize fully Alert Rental’s capabilities with date selection per item on ticket
Currently:
As products are added to the ticket, if the next product has a different date selected, it overwrites the full ticket date and does not record the specific selected date per product
The correct behavior should take in account the earliest and latest dates to assign to the ticket, while listing individually selected dates per line item
Calculate 5% off on all WebRequest orders
Include total discounted price in a sales item 
Client to provide sales item number",,complete,backend;wordpress admin;service rentals and supplies,2025-04-23 12:04,2025-06-23 2:00,2025-06-26 6:46,,119457674,0.00,0.00
https://app.clickup.com/t/86b4w5ymh,yes,6,8,Aug 2025,"website project, multiple prices for multiple locations ",SRS - Service Rentals and Supplies,90142362564,Volatile <> WP - Website Migration,901407312176,CUSTOMIZATION: User select location > product prices at location,,,complete,service rentals and supplies,2025-05-02 8:21,2025-06-20 2:00,2025-07-04 8:26,,119458225,0.00,0.00
https://app.clickup.com/t/86b4rfzua,yes,6,8,Aug 2025,"website project, implement custom, add discount information to web request",SRS - Service Rentals and Supplies,90142362564,Volatile <> WP - Website Migration,901407312176,CUSTOMIZATION: Discount is a 5% discount on rental if customers make their order online. It is usually calculated at check out after we make sure the details are correct.,,,complete,backend;service rentals and supplies,2025-04-23 12:14,2025-06-23 2:00,2025-07-18 6:30,,119459550,0.00,0.00
https://app.clickup.com/t/86b4w5zh6,yes,10,10,Aug 2025,"website project, on-demand pricing implementation",SRS - Service Rentals and Supplies,90142362564,Volatile <> WP - Website Migration,901407312176,CUSTOMIZATION: Single Product - start/end date + location > display price dynamically,,,complete,service rentals and supplies,2025-05-02 8:22,2025-06-23 2:00,2025-07-18 6:30,,119459551,0.00,0.00
https://app.clickup.com/t/86b5cmdhz,yes,6,8,Aug 2025,"website project, add dynamic products, make compatible with upsells",SRS - Service Rentals and Supplies,90142362564,Volatile <> WP - Website Migration,901407312176,Add capability to add dynamic messages for certain SKUs,"The rows highlighted in yellow are messages that should show dynamically for specific RC#s

https://docs.google.com/spreadsheets/d/11RiGP-wADQq40J_KdSR7-HInpIBtXZygLty-44Y9_Wc/edit?gid=1269653363#gid=1269653363 

Example product:
https://service-rentals.com/rental-products/aerial/aerial-boom-lift-trailer-mounted-50-towable 
SKU: TMZ
Message to show:  Certificate of Liability Insurance is Required 





2984
 Scaffolding (Big Island and Maui ONLY) 
Scaffolding 
Rental
23462
 Truck Must Be 1/2 Ton or Larger and Tow Receiver In Good Condition 
Trailer Rental
Rental
13437
 Additional Installation Fee's 
Air Conditioners - Ventilators - Carpet Blowers
Rental
13418
 Certificate of Liability Insurance is Required 
Aerial
Rental",,complete,service rentals and supplies;backend,2025-06-17 11:11,2025-06-23 4:00,2025-07-18 6:30,,119459552,0.00,0.00
https://app.clickup.com/t/86b4rfwbg,yes,2,4,Aug 2025,"website project, customize single product page",SRS - Service Rentals and Supplies,90142362564,Volatile <> WP - Website Migration,901407312176,CUSTOMIZATION: Display daily/weekly/4-week pricing,"as an intentional simplification, all products will display multiple prices.
tbd: ignore this if product is sales-class or rental class has been flagged as one-price only.",,complete,backend;service rentals and supplies,2025-04-23 12:08,2025-06-23 2:00,2025-07-18 6:30,,119459553,0.00,0.00
https://app.clickup.com/t/86b53ue11,no,0,2,Aug 2025,project steup,SRS - Service Rentals and Supplies,90142362564,Volatile <> WP - Website Migration,901407312176,WebRequest Install Setup,,86b4rftuq,complete,service rentals and supplies,2025-05-23 8:28,,2025-08-08 6:31,,237642221,0.00,0.00
https://app.clickup.com/t/86b53uecz,no,0,0,Aug 2025,duplicate of 86b4rfzua,SRS - Service Rentals and Supplies,90142362564,Volatile <> WP - Website Migration,901407312176,Calculate 5% on WebRequest orders,,86b4rftuq,complete,service rentals and supplies,2025-05-23 8:28,,2025-08-04 10:50,,237642222,0.00,0.00
https://app.clickup.com/t/86b53uet5,no,0,0,Aug 2025,duplicate of 86b4w5zh6,SRS - Service Rentals and Supplies,90142362564,Volatile <> WP - Website Migration,901407312176,"Product Dynamic Rate (rental_class,start,end,location)",duplicate of 86b4w5zh6,86b4rftuq,cancelled,service rentals and supplies,2025-05-23 8:29,,2025-08-08 6:31,2025-08-10 14:18,237642223,0.00,0.00
https://app.clickup.com/t/86b5yzjqt,no,0,0.5,Aug 2025,estimate,SRS - Service Rentals and Supplies,90142362564,Website Content Update,901406992304,Share list of check out page labels so I can send to Rysan,"hey hey, from our call. please share check out labels list so I can pass it along. 

Notes for reference:  
 Customizing Labels for Clarity Jeremy Simmons suggested customizing checkout page labels, such as changing ""date"" or ""time"" to ""preferred date"" or ""preferred time,"" to better communicate that these are not guarantees (00:14:05). Rysan Ouye liked this idea and requested that it be added, with Jeremy Simmons offering to send a list of labels for Rysan Ouye to customize (00:15:05).",,complete,service rentals and supplies,2025-07-31 9:45,2025-08-04 2:00,2025-08-04 10:52,,119460886,0.00,0.00
https://app.clickup.com/t/86b6424en,no,0,0.25,Aug 2025,update setting,SRS - Service Rentals and Supplies,90142362564,Website Content Update,901406992304,Toggle on the feature to synchronize order status changes from Alert to website,"From our call last week, forgot to make a task for this request. 
From call notes, if already done lease mark complete! 
 Rysan Ouye asked about the ""cancelled"" status, and Jeremy Simmons explained that the website can synchronize order status changes (bid, reservation, contract, deleted) from Alert, suggesting it should be toggled on by default (00:36:49).  
 Jeremy Simmons will toggle on the feature to synchronize order status changes from Alert to the website.",,complete,service rentals and supplies,2025-08-06 10:32,2025-08-08 2:00,2025-08-06 11:01,,119460990,0.00,0.00
https://app.clickup.com/t/86b5yzqrm,yes,0,0.5,Aug 2025,webrequest support,SRS - Service Rentals and Supplies,90142362564,Website Content Update,901406992304,Add disclaimer to check out process ,"Hey Jeremy, the client confirmed this disclaimer is good to add: 
""Times are variable as delivery depends on availability. Requests for Quotes are not final invoices.""

Rysan Ouye suggested adding a disclaimer on the website to inform customers that times are variable and quotes are not final invoices. Jeremy Simmons confirmed that standard disclaimer functionality exists and suggested changing ""quote"" to ""request for quote"" for clearer communication (00:13:08).",,complete,service rentals and supplies,2025-07-31 9:50,2025-08-11 2:00,2025-08-08 7:05,,119461124,0.00,0.00
https://app.clickup.com/t/86b5wdc4r,no,0,2,Aug 2025,webrequest support,SRS - Service Rentals and Supplies,90142362564,Website Maintenance/Website Technical Issues,901408937893,webrequest location not correct,,,complete,service rentals and supplies,2025-07-28 12:36,,2025-08-04 10:50,,119460883,0.00,0.00
https://app.clickup.com/t/86b5wdcny,yes,1,2,Aug 2025,"task, webrequest support",SRS - Service Rentals and Supplies,90142362564,Website Maintenance/Website Technical Issues,901408937893,WebRequest: Hide Event Date and Event Time in Checkout,,,complete,service rentals and supplies,2025-07-28 12:37,,2025-08-04 10:50,,119460884,0.00,0.00
https://app.clickup.com/t/86b5pa1r6,no,0,12,Aug 2025,website project,SRS - Service Rentals and Supplies,90142362564,Website Pre-Launch Checklist,901408844696,Internal testing before sending to the client,"Hey team, please test the links and test cases yourself and confirm all is good by marking the task complete, sharing confirmation screenshots in the comments. If you notice anything, please share the link and screenshot or context in the comments. During your test, please mention it's a test so they can ignore for now.
https://docs.google.com/spreadsheets/d/1jjgGeh9dMoEy78CgFh2glkqCA1UVojWj4dpjSHHkAx8/edit?gid=0#gid=0",,complete,service rentals and supplies,2025-07-14 9:46,2025-07-15 2:00,2025-07-22 7:47,,119459811,0.00,0.00
https://app.clickup.com/t/86b5pa44q,no,0,0,Aug 2025,duplicate of 86b5pa1r6,SRS - Service Rentals and Supplies,90142362564,Website Pre-Launch Checklist,901408844696,Jeremy,,86b5pa1r6,complete,service rentals and supplies,2025-07-14 9:50,2025-07-15 2:00,2025-07-22 7:50,,237643380,0.00,0.00
https://app.clickup.com/t/86b5qkn36,yes,2,2,Aug 2025,project support,SRS - Service Rentals and Supplies,90142362564,Website Pre-Launch Checklist,901408844696,Sales Product subtotal and Please select Date,"This product isn’t showing the subtotal and is asking for a date, even though it’s not a product that should require one:
https://servicerentals.wpenginepowered.com/product/2-cycle-oil/?store-location=1",86b5pa3t6,cancelled,service rentals and supplies,2025-07-17 8:55,,2025-07-17 9:26,2025-07-17 9:26,237643492,0.00,0.00
https://app.clickup.com/t/86b5qknnm,yes,4,4,Aug 2025,website project,SRS - Service Rentals and Supplies,90142362564,Website Pre-Launch Checklist,901408844696,Certificate of liability,"Feature: Certificate of Liability 
https://servicerentals.wpenginepowered.com/product/skid-steer-loader-track/?store-location=1  on this product, I added dates but the price and total stay at 0. The number only shows up once I'm in the cart. As for the certificate part, everything seems to be working fine.",86b5pa3t6,complete,,2025-07-17 8:56,,2025-07-17 8:56,,237643493,0.00,0.00
https://app.clickup.com/t/86b5qkpgc,yes,4,6,Aug 2025,website project,SRS - Service Rentals and Supplies,90142362564,Website Pre-Launch Checklist,901408844696,New Order Email - Email by store location,"Feature: New Order Email - Email by Store Location
 Right now, all order emails go straight to awebsite@servicerentalshawaii.com. Should the new order email change based on the selected store location?",86b5pa3t6,cancelled,service rentals and supplies,2025-07-17 8:57,,2025-07-18 14:00,2025-07-18 14:00,237643494,0.00,0.00
https://app.clickup.com/t/86b3r5maz,no,0,1,Aug 2025,webrequest support,TER - Tablescapes Event Rentals,90141883333,Website Maintenance/ Website Technical Issues,901403682706,Look into issue with Alert API,,,complete,tablescapes event rentals,2025-01-30 11:54,2025-01-30 2:00,2025-01-30 12:52,,119447878,0.00,0.00
https://app.clickup.com/t/86b462j4m,no,0,1,Aug 2025,estimate,TER - Tablescapes Event Rentals,90141883333,Website Maintenance/ Website Technical Issues,901403682706,Check Tablescapes 2019 pricing list,As discussed on our call:,,complete,tablescapes event rentals,2025-03-06 9:54,,2025-03-14 7:47,,119450846,0.00,0.00
https://app.clickup.com/t/86b4967w2,no,0,4,Aug 2025,estimate,TER - Tablescapes Event Rentals,90141883333,Website Maintenance/ Website Technical Issues,901403682706,Provide info & time estimate to send client proposal for state pricing,,,complete,tablescapes event rentals,2025-03-14 9:05,2025-03-18 2:00,2025-03-19 5:13,,119451140,0.00,0.00
https://app.clickup.com/t/86b59fvuh,yes,1,2,Aug 2025,fix bundled products price sync,TER - Tablescapes Event Rentals,90141883333,Website Development,901404639131,Look into bundled products not getting P&PS price update,"I've added example links to task  (see example in screenshot) 
For every simple product of the 20 below, there is an existing bundled product that should be getting the pricing updates. Can we figure out why the simple products are getting them and if we need to hide or remove the simple products? Currently I beleive they are being redirected to the bundled product",,complete,tablescapes event rentals,2025-06-09 10:15,2025-06-13 2:00,2025-06-26 7:19,,119457677,0.00,0.00
https://app.clickup.com/t/86b4pgn3j,yes,6,8,Aug 2025,website project,TER - Tablescapes Event Rentals,90141883333,Website Development,901404639131,WebRequest and Product & Price Sync extension to handle multiple Price Lists,"Update Alert Web Requests plugin to handle Multiple Price lists for Simple, Variable/Variation products, according to Alert Rental implementation (Location or Group Price List) . Jeremy, please apply due dates to subtasks when you can so I can provide a rough timeline to the client. 
Planning recording
Transcript
List of Scenarios:
 Jeremy Simmons: it's just going to show whatever price gets added to the cart.
Ralitsa Carter: All right. Wonderful.
Jeremy Simmons: What we do need to figure out though is where do those messages go? Do they go in a category listing page on the product detail page? I mean, which pages are these messages about? Please select a location. And then what does that look like when they say, Here's how I'm selecting it. And then where does it show on the page what location they've selected? And then for whatever reason,…
Ralitsa Carter: Yeah. …
Jeremy Simmons: if they want to change locations, being able to let them know, hey, this is going to remove all the items from your cart.
Ralitsa Carter: so if you have items in the cart and…
Ralitsa Carter: you decide to change the location, you have to start from scratch.
Jeremy Simmons: we may be able to say,…
Jeremy Simmons: ""Hey, for all of the products that are available in location and…
Ralitsa Carter: Yeah.  Yeah. Okay.
Jeremy Simmons: you're moving to location B, we can keep those items in the cart.""  So that's the question like we don't know what their inventory looks like and whether all items are available in all locations and what's their ideal scenario?  is the ideal scenario that they keep items in the cart and update the pricing or start over or if we only keep some subset of the items, do we let them know how many were removed and do we keep that around so that they can see that?
Jeremy Simmons: One thing would be given that idea of, there's items that are not in the …
Jeremy Simmons: location that you've selected, can they still visit that page? And do we add to cart if that item is not available at that location,…
Ralitsa Carter: there. So they still see the item…
Ralitsa Carter: but cannot do much with it.
Jeremy Simmons: 
Jeremy Simmons: Because it's not available. So yeah,…

 Jeremy Simmons: I think there's lots of these cases that we need to write down and say how do we handle this? and so as far as designing what it looks like on the front end, do you want me to just create a quick and dirty mock in Balssonic that's going to look like a napkin sketch on the computer or do we need the full on, version of it and involve Ruben? for the location he may.",,complete,tablescapes event rentals,2025-04-17 11:24,2025-05-16 4:00,2025-07-18 6:32,,119459555,0.00,0.00
https://app.clickup.com/t/86b61w6at,yes,1,1,Aug 2025,"task, empty search result contents, add location link, update caching for ?s=",TER - Tablescapes Event Rentals,90141883333,Website Maintenance/ Website Technical Issues,901403682706,searching for term blue gives 0 results,"As an anonymous user, when searching for blue, quick results populate, but search page does not show results.

From client: I'm still not able to search. When I type ""blue"" it says no products found. I've tried clearing cache and also different browsers.
https://tablescapes.com/?s=blue&post_type=product&type_aws=true

when I try, similar thing",,complete,tablescapes event rentals,2025-08-04 11:15,2025-08-06 2:00,2025-08-06 7:08,,119460969,0.00,0.00
https://app.clickup.com/t/86b6552zj,,,,,,TER - Tablescapes Event Rentals,90141883333,Website Development,901404639131,Investigate missing web totals in WR performance reports + add option to download WR reporting sheet from WooComm dashboard,"Issue we noted on our call about web totals not showing
 Passing it onto Jeremy for Zoho details 

1. Review Performance Report
a. statistics - previous 10 days, deleted, converted, unconverted, total
b. monthly report - web, deleted, bid, reservation, contract
c. yearly report - same numbers from monthly, but aggregated by month for a while year

2. Review Order Status automation - https://tablescapes.com/wp-admin/admin.php?page=wc-orders",,complete,tablescapes event rentals,2025-08-07 10:54,2025-08-15 4:00,2025-11-11 12:03,,119467050,0.00,0.00
https://app.clickup.com/t/86b657mk0,no,0,0.25,Aug 2025,support,TER - Tablescapes Event Rentals,90141883333,Website Development,901404639131,Share SPF details so I can pass onto David,"Made this since it was mentioned. Should we maybe wait and see if they choose to go the SMTP route? Let me know what you think 
https://docs.google.com/document/d/1sPvGXFk1rWhPrAoHUIHabh0vo2nm5DUFXsjTEIDF_p8/edit?tab=t.2shkfy3vrfmr",,complete,tablescapes event rentals,2025-08-07 12:07,2025-08-12 2:00,2025-08-07 13:19,,119461044,0.00,0.00
https://app.clickup.com/t/86b622key,no,0,3,Aug 2025,project bugfix,TER - Tablescapes Event Rentals,90141883333,Website Development,901404639131,Notate MLW pricing in Web Request emails,"use a project note to record pricing / selected location.

Client approved 1 hr to add MLW pricing to web request emails, please let me know when ready",,complete,tablescapes event rentals,2025-08-04 14:04,2025-08-07 2:00,2025-08-11 8:18,,119461264,0.00,0.00
https://app.clickup.com/t/86b657fuv,,,,,,TER - Tablescapes Event Rentals,90141883333,Website Development,901404639131,Integrate Zoho with Gravity Forms,"install zoho add-on for gravity forms.
have customer configure
jeremy to finish configuring integration and notify customer to test.

https://docs.google.com/document/d/1sPvGXFk1rWhPrAoHUIHabh0vo2nm5DUFXsjTEIDF_p8/edit?tab=t.2shkfy3vrfmr 
 Next Steps and Cost Estimates Jeremy Simmons stated that the next steps involve providing a bid for integrating Gravity Forms to Zoho 
After we complete this, see subtask for bid to integrate web requests to Zapier and confirm, 
estimating each to take approximately one to two hours (00:36:24). He noted that configuring Zapier within Zoho would also be a relatively easy process, estimnated at one or two hours per ""Zap"". Kate Gueorguieva also inquired about potential duplicate entries in Alert due to new integrations, and Jeremy Simmons committed to investigating Alert's Zoho integration to prevent such issues (00:37:22).",,complete,tablescapes event rentals,2025-08-07 12:02,2025-08-11 2:00,2025-08-12 6:15,,119461330,2.00,0.50
https://app.clickup.com/t/86b4pgp0z,yes,6,10,Aug 2025,website project,TER - Tablescapes Event Rentals,90141883333,Website Development,901404639131,Update woocommerce products to handle multiple price lists (admin),,86b4pgn3j,complete,tablescapes event rentals,2025-04-17 11:25,2025-05-09 4:00,2025-07-18 6:33,,237641399,0.00,0.00
https://app.clickup.com/t/86b4pgp40,yes,6,10,Aug 2025,website project,TER - Tablescapes Event Rentals,90141883333,Website Development,901404639131,Update woocommerce products to handle multiple price lists (front-end),,86b4pgn3j,complete,tablescapes event rentals,2025-04-17 11:26,2025-05-16 4:00,2025-07-18 6:33,,237641400,0.00,0.00
https://app.clickup.com/t/86b4pgp7g,yes,8,12,Aug 2025,"locations page, navigation header, location closest to me, single product page",TER - Tablescapes Event Rentals,90141883333,Website Development,901404639131,Add front-end widget to select Location,Super Navigation that triggers when twl_location_code is empty,86b4pgn3j,complete,tablescapes event rentals,2025-04-17 11:26,2025-05-16 4:00,2025-07-22 7:49,,237641401,0.00,0.00
https://app.clickup.com/t/86b4pgpg6,yes,4,8,Aug 2025,update sync,TER - Tablescapes Event Rentals,90141883333,Website Development,901404639131,Update synchronization to handle multiple locations’ price lists,,86b4pgn3j,complete,tablescapes event rentals,2025-04-17 11:26,2025-05-14 4:00,2025-07-22 7:49,,237641402,0.00,0.00
https://app.clickup.com/t/86b657jqa,no,0,3,Aug 2025,"estimate, support",TER - Tablescapes Event Rentals,90141883333,Website Development,901404639131,Provide time estimate for Web Request to Zapier,"https://docs.google.com/document/d/1sPvGXFk1rWhPrAoHUIHabh0vo2nm5DUFXsjTEIDF_p8/edit?tab=t.2shkfy3vrfmr 
Not assigning due date for now",86b657fuv,cancelled,tablescapes event rentals,2025-08-07 12:05,,2025-08-07 15:48,2025-08-07 15:48,237644029,0.00,0.00
https://app.clickup.com/t/86b3jn0b7,no,0,,,webrequest support,TLM - Twelve Legs Marketing,90142182731,Website Development,901404588565,Outline a list of features for Plugins and build short demo videos,Outline a list of features and build short demo videos,,to do,twelve legs,2025-01-17 10:20,,,,119446722,0.00,0.00
https://app.clickup.com/t/86b3nhrn3,no,0,2,Aug 2025,kb,TLM - Twelve Legs Marketing,90142182731,Website Development,901404588565,Large FS > Please create KB article on how to offload images,"Hi Jeremy,

As suggested a week ago, please use the website Berbank.com to create the KB article based on your Large FS learnings on offloading images

https://my.wpengine.com/installs/berbank



You had asked for the full list of websites this needs to be done for:
https://my.wpengine.com/installs/allenrental
https://my.wpengine.com/installs/goodwinfnl
https://my.wpengine.com/installs/partylinerenta
https://my.wpengine.com/installs/suburbanrental
https://my.wpengine.com/installs/tablescapesdev
https://my.wpengine.com/installs/transtechaudev
https://my.wpengine.com/installs/tlmdemositedev
Eventually our new website (TLM), when it launches",,complete,twelve legs,2025-01-24 12:52,,2025-04-04 8:05,,119452753,0.00,0.00
https://app.clickup.com/t/86b43r7e3,no,0,2,Aug 2025,architecture,TLM - Twelve Legs Marketing,90142182731,Admin/Others,901403821826,Research proxy connection for Current RMS,"Make a list of the apis being used by current rms, include verb, url, header/auth requirements etc.

Create a simple nginx proxy, and test that calls can be made using the proxy.

Assuming you could setup a quick & dirty ubuntu instance locally using docker or whatever vm solution you prefer...
https://www.digitalocean.com/community/tutorials/how-to-configure-nginx-as-a-reverse-proxy-on-ubuntu-22-04
https://www.theserverside.com/blog/Coffee-Talk-Java-News-Stories-and-Opinions/How-to-setup-Nginx-reverse-proxy-servers-by-example
obviously, also refer to the nginx config in alert-proxy. there are some subtle gotchas, especially around including querystrings.
You don't need to do the authentication part, we know that works.

Share the proxy configuration, and discuss how we can combine this with the current alert-proxy.
I'm thinking we'd have an additional path like /currentrmsthat would be used for this purpose.",,complete,twelve legs,2025-02-28 9:27,2025-03-06 13:00,2025-04-07 3:12,,119452819,0.00,0.00
https://app.clickup.com/t/86b3ftz8g,no,0,0,none,,TLM - Twelve Legs Marketing,90142182731,Admin/Others,901403821826,Jeremy,"I am crafting a social media post for each member of our TLM team...
For each team member to do:
#1: please insert an image you'd like to use for the post (personal photos, I'd argue, are better and far more authentic. Client like working with people, not companies, though this is entirely up to you)

#2: when your add an image and write a caption, mark this complete

please use mine (Andrew (Jordan too, his picture is excellent)) as an example for reference if needed
-------------------------------------------------------------------------------------------------------

post caption: since you don't have a bio on the TLM site, you can just write something short and sweet about yourself here (what you do, what you like to do outside work, who you are, the basics - get creative if you'd like  )

post photo: (please add a photo you'd like to use for the post)",86b3ftx1u,cancelled,twelve legs,2025-01-10 14:19,,2025-02-28 10:55,2025-02-28 10:55,237638760,0.00,0.00
https://app.clickup.com/t/86b6729jy,,,,,,SR - Suburban Rental,90141883313,Website Management/Updates,901403628592,Port Web Request Performance Report module into their install,From the spaces chat,,complete,suburban rental,2025-08-11 10:11,2025-08-13 2:00,2025-08-14 7:39,,119461460,0.00,0.00
https://app.clickup.com/t/86b67t87y,,,,,,AR - Alert Rental,90141883186,Website Maintenance/ Website Technical Issues,901403203998,Alert Rental KB - Determine Cause(s) of Issues,"The Alert Rental KB is unstable and has started breaking more often than usual.

For issue 1:  in the comments, please add some documentation on the server that has been setup to track/monitor and fix automatically.

For issue 2:  I am copying you on this task, as Stefan will likely have some questions around the setup of this KB. Note from Stefan ""i'm not sure why it is a custom element rather than a shortcode but there might be a logical explanation""

1. Known issue: KB article links break when plugin is updated.

How to fix: go to "" "", and click ""save changes'



2. New issue: When user logs in, KB articles do not show:


Solution from Stefan: under Elementor > Tools and clicked Clear Files & Data. I saw that it is an Elementor element responsible for that so i figured that Elementor cache might be the culprit",,complete,alert rental,2025-08-12 12:19,2025-08-22 4:00,2025-08-25 1:35,,119461972,0.00,0.00
https://app.clickup.com/t/86b68vvqj,,,,,,SR - Suburban Rental,90141883313,Website Maintenance/ Website Technical Issues,901403684755,Alert WebRequest Failed,"Please see the attached emails. I tried resending the web request but it still failed

Order #18213 https://suburbanrental.net/wp-admin/post.php?post=18213&action=edit 
Oder #18214 https://suburbanrental.net/wp-admin/post.php?post=18214&action=edit",,complete,suburban rental,2025-08-14 7:44,2025-08-14 14:00,2025-08-14 8:42,,119461467,0.00,0.00
https://app.clickup.com/t/86b69108v,,,,,,SR - Suburban Rental,90141883313,Website Management/Updates,901403628592,Add clerk initials to web request reports - let me know if need to ask the client for anything,"Hey Jeremy, will add call notes in here once they finish rendering . 

https://docs.google.com/document/d/14RehXG4wGCTloCNlTYSXeiWnOfwgxR_DLl2b_icXLJU/edit?tab=t.8296cf3v9qjz 
https://mail.google.com/mail/u/0/#inbox/FMfcgzQcpKfdhfqsdCxGTvfzSrrtZzMV?compose=CllgCJTGmSNsqjHfJHknNpddSfRhdJbrVklCcLfsvNNRSqWDQXQTQsZLjxTFQxkJWRBJTxfxpsB",,complete,suburban rental,2025-08-14 11:57,2025-08-28 2:00,2025-08-22 15:11,,119461969,0.00,0.00
https://app.clickup.com/t/86b6952fz,,,,,,EER - Encore Events Rentals,90142340906,Website Development,901404396025,"5. Investigate new issue, put restriction on add/remove orders through customer portal or share feedback on what may have caused","Please see below. A little alarming (and costly) for us because I thought this was a setting already in place.
Please advise and thank you!
  

Issue 
 It sounds like there was a change made in the portal and nowthere are no restrictions on clients being able to remove/add items.I didn’t realize this was a change that had been made. I think we do need to put some parameters around it.

Last night Alyssa Bray removed $700 worth of flatware for a delivery tomorrow. When Maria mentioned there was a cancelation fee she pushed back hard, we ended up not charging the restocking fee, but items had already been pulled. I also see this as problematic if clients try to add the order has been turned into a contract and they add then it’s likely a re-delivery.

Proposed solution... ideally have Kendall confirm.. 
My proposal is we limit items being added or removed at the 3 day mark(since we likely can’t set different rules for adding vs. removing). Then we add in our automated email to clients that items removed 7-days prior to delivery will incur a cancellation fee.

Or we move it back to the 7-day mark and they call/email for updates.",86b65wd1f,to do,encore events rentals,2025-08-14 15:44,2025-08-15 2:00,,,237644149,,
https://app.clickup.com/t/86b69fw7j,,,,,,SR - Suburban Rental,90141883313,Website Development,901403628592,"Brainstorm best way to link specific products with set quantities (sand bags, either 4 of 6) to inflatables 3009, give time estimate","1. Suburban Rental:
Tim is asking if we can introduce certain products only as upsells strategically. Example given: Bounce Houses and Sand Bags >> introduce sand bags only in the cart - you cannot remove the product but you can adjust the qty up
Slavko suggested bundled products approach similar to Tablescapes and their chairs + seats, but the behavior will be slightly different as the seats' qty cannot be updated only the chair.
@Jordan Highley as I am writing this out, can you ask Tim the following: Please provide the SKUs for a Bounce House and a Sand Bag (is the sand bag a sales item?).; Is the sand bag part of the bounce house kit or is it a related product in Alert? When added as a mandatory item in the cart will there be a minimum mandatory qty and the user can only update the qty to add or remove back down to the mandatory minimum qty?
I feel like we did introduce the extra item in the cart for someone and discussed whether it shoudl be removable, but I cannot remember who to save my life...

https://suburbanrental.net/ 
Tim response:  ""I’m off today but sandbags are listed on the website with the SKU ( ). I think bounce houses are 3009 + a 4 digit number ( , these are 4 bounce houses associated with 3009) but are also on the website. We should have required qty of sandbags usually either 4 or 6
Thanks"" 

so I get the impression they want to have this rental item added to the checkout for the 4 specific inflatables... in quantities of 4 or 6... so 4, 6, 8, 12, 16, 18 I think?",,to do,,2025-08-15 11:34,2025-08-20 2:00,,,119461552,0.00,0.00
https://app.clickup.com/t/86b6b1k4e,,,,,,PLR - Party Line Rentals,,Website Maintenance/ Website Technical Issues,,Look into WR failure: Alert WebRequest failed. Order 31995,"Hey jeremy, as noted in WebRequest spaces, here is the order https://partylinerentals.com/wp-admin/post.php?post=31995&action=edit 
Layla then shared this info: It might be the rental class number. Because we dont have a rental class R
If you can - take a screen shot of the pictured item or what they chose if you dont mind

Web Request Detail
The following are raw debug details for the plugin developer to diagnose issues.Success: no
Transaction:
Request<soap:Envelope xmlns:xsi=""http://www.w3.org/2001/XMLSchema-instance"" xmlns:xsd=""http://www.w3.org/2001/XMLSchema"" xmlns:soap=""http://schemas.xmlsoap.org/soap/envelope/"">
  <soap:Body>
    <WebRequest>
      <Ticket>
        <Location>100</Location>
        <Request_Date>20250819</Request_Date>
        <Request_Time>16:05</Request_Time>
        <Renter_First_Name>Shannon L</Renter_First_Name>
        <Renter_Last_Name>Johnson</Renter_Last_Name>
        <Phone>9178053112</Phone>
        <Phone_Type>W</Phone_Type>
        <Address>96 Bellair Dr</Address>
        <Address2/>
        <City>Dobbs Ferry</City>
        <State>NY</State>
        <Zip>10522</Zip>
        <Email>shannon12569@yahoo.com</Email>
        <Delivery>N</Delivery>
        <Contact_Method>P</Contact_Method>
        <Request_Comment/>
        <Use_Date>20250913</Use_Date>
        <Use_Time>17:00</Use_Time>
        <Item>
          <Rent_Or_Sale>R</Rent_Or_Sale>
          <Quantity>3</Quantity>
          <Out_Date>20250912</Out_Date>
          <Out_Time>10:00</Out_Time>
          <In_Date>20250915</In_Date>
          <In_Time>10:00</In_Time>
        </Item>
      </Ticket>
    </WebRequest>
  </soap:Body>
</soap:Envelope>
Response<soap:Envelope xmlns:soap=""http://schemas.xmlsoap.org/soap/envelope/"" xmlns:xsi=""http://www.w3.org/2001/XMLSchema-instance"" xmlns:xsd=""http://www.w3.org/2001/XMLSchema"">
  <soap:Body>
    <WebRequestResponse>
      <WebRequestResult>
        <Result>No ITEMs</Result>
        <Trans/>
      </WebRequestResult>
    </WebRequestResponse>
  </soap:Body>
</soap:Envelope>
Failure",,complete,party line rentals,2025-08-19 14:10,2025-08-21 2:00,2025-08-20 7:14,,119461698,,
https://app.clickup.com/t/86b6fmg4p,,,,,,BED - Berbank Events and Design,,Website Maintenance/ Website Technical Issues,,Prepare website for offboarding,"Will add call notes from dev meeting in here for reference. 

https://docs.google.com/document/d/1nk1K9JlU4fToZ9NbYav9BSt4Yss3626S/edit?dls=true",,complete,berbank events and design,2025-08-29 8:53,2025-09-05 2:00,2025-09-05 7:47,,119462841,,
https://app.clickup.com/t/86b6fqkt4,,,,,,BED - Berbank Events and Design,,Website Maintenance/ Website Technical Issues,,Jeremy needs to add an update allowing us to stop their access if they do not pay,"Hey hey, adding this as a subtask based on Rali's response in Admin/AM spaces",86b6fmg4p,complete,berbank events and design,2025-08-29 11:49,2025-09-04 2:00,2025-09-05 7:46,,237644464,,
https://app.clickup.com/t/86b6hb3r2,,,,,,DET - Diamond Event and Tent,90141883210,Website Maintenance / Website Technical Issues,901403967135,Look into and resolve WR database issues causing weird orders,"Hey Jeremy, sharing some feedback from Diamond about some strange Web Requests not going through and then also not including any product info. Here are the links, I tried to decipher why they weren't successful but will leave that for you, let me know if you need anything else! 
https://diamondevent.com/wp-admin/admin.php?page=wc-orders&action=edit&id=19011
https://diamondevent.com/wp-admin/admin.php?page=wc-orders&action=edit&id=19010
https://diamondevent.com/wp-admin/admin.php?page=wc-orders&action=edit&id=19009
https://diamondevent.com/wp-admin/admin.php?page=wc-orders&action=edit&id=19007
https://diamondevent.com/wp-admin/admin.php?page=wc-orders&action=edit&id=19006
Jeremy noted:",,complete,diamond event and tent,2025-09-03 7:46,2025-09-05 2:00,2025-09-09 6:59,,119463181,0.00,0.00
https://app.clickup.com/t/86b6jnujf,,,,,,EER - Encore Events Rentals,90142340906,Website Development,901404396025,Bulk Availability issue - updating this to correctly work with Quantity_On_Hand  / Lowest_Available_Quantity,"Hey J, Kendall approved 3 support hours to update this, related to a recent thread from Emily, see screenshotsbelow for reference",,complete,encore events rentals,2025-09-05 13:47,2025-09-19 2:00,2025-10-17 6:51,,119465681,0.00,0.00
https://app.clickup.com/t/86b6ryt7z,,,,,,PLR - Party Line Rentals,,Website Content Update,,Link products resources to product pages - (1-2 hrs) - See subtask,"Hey team, as discussed today near the end of the dev call: Client has an interesting request, she wants to now link each product resource on the resource page to the individual product page... maybe 20 products total, can you provide a rough time estimate? Example: product that comes with resources, link to product resource
Whoever wants to chime in with a practical solution, let me know! 
From the Dev call notes: 7. Party Line — Product Instructions Button
 Goal: Add dynamic “Product Instructions” button on product pages, tied to SKU-based
resources.
 Button should appear only if resource exists.
 Requires product template updates and estimate; not trivial.",,in progress,party line rentals,2025-09-19 14:32,2025-10-03 2:00,,,119464591,,
https://app.clickup.com/t/86b6uhrpt,,,,,,SR - Suburban Rental,90141883313,Website Maintenance/ Website Technical Issues,901403684755,Alert WebRequest failed. party Order 18653,"Hey Jeremy, I tried resubmitting the webrequest twice but it still failed. Please look into this
https://suburbanrental.net/wp-admin/post.php?post=18653&action=edit",,complete,suburban rental,2025-09-24 7:07,2025-09-24 14:00,2025-09-24 8:09,,119464196,0.00,0.00
https://app.clickup.com/t/86b6uhz0c,,,,,,PLR - Party Line Rentals,,Website Maintenance/ Website Technical Issues,,Web Request issue: change rental class for fiesta tent 30x80 to 1469,"Hey Jeremy, got this request from Layla... is the rental class number coming in incorrectly for some reason? 
Here is the order she is referring to https://partylinerentals.com/wp-admin/post.php?post=32221&action=edit",,complete,party line rentals,2025-09-24 7:27,2025-09-25 2:00,2025-09-24 8:10,,119464197,,
https://app.clickup.com/t/86b6unw62,,,,,,EER - Encore Events Rentals,90142340906,Website Development,901404396025,Combine acknowledging page and summary of changes page - from items removing on portal thread,"From client: 
Happy Tuesday! With the issues that are occurring (likely user error) we are thinking about changing the last page of the process of submitting on order on the portal and essentially combining the acknowledging page and the summary of changes page.
 
Something like below maybe?
 
**Plus few notes**
– can we put the client info and delivery info next to each other to take up less room (and make the word DELIVERY smaller)
- Make the font for clicking reviewing terms larger
- removing the “Billing” section that is normally on the review page
-make the submit button larger or red
 
Essentially we are wanting the clients to see the changes and acknowledge it before they click submit
 
I think we need to add a bullet point too that says something about them auditing and checking the changes (kendall please weight on verbiage)

Jeremy acknowledged:",,complete,encore events rentals,2025-09-24 10:45,2025-10-08 2:00,2025-10-09 15:18,,119465308,0.00,0.00
https://app.clickup.com/t/86b6vjhh2,,,,,,EER - Encore Events Rentals,90142340906,Website Development,901404396025,Update Edit Account Screen,"From emily:  Also on one more e-comm journey.
 
Can change the “Account” page on the portal? Clients don’t really need it and they are putting info in there that is confusing alert – they put their name in there instead of the business name and then it changes it in the top of the contract “rented to” space and then it wont let them submit it.
 
I want it to only be for changing their password I think and email address. (so just the info below if possible please)
 
Thank you!",86b6unw62,complete,encore events rentals,2025-09-26 7:43,2025-10-08 2:00,2025-10-04 12:07,,237645526,0.00,0.00
https://app.clickup.com/t/86b6z4gyk,,,,,,ER - EventRent,90141883221,Website Maintenance/Website Technical Issues,901403965619,Split out delivery and pick up charge,"1 additional hour approved for an hour to split out the delivery & pick up charges. 
spaces for reference:",,complete,event rent idaho,2025-10-06 7:24,2025-10-06 2:00,2025-10-06 7:27,,119464940,1.00,0.00
https://app.clickup.com/t/86b717uhv,,,,,,TLM - Twelve Legs Marketing,90142182731,Admin/Others,901403821826,Upgrading security for websites,List of IPs for spammers:,,in progress,twelve legs,2025-10-10 8:33,2026-01-29 13:00,,,119466353,0.00,0.00
https://app.clickup.com/t/86b73a328,,,,,,DET - Diamond Event and Tent,90141883210,Website Development,901405076192,Investigate & resolve missing numbers in WR performance reporting,"Asked Jeremy, his answer so I believe we can mark complete",,complete,diamond event and tent,2025-10-15 15:40,2025-10-17 2:00,2025-11-11 12:01,,119467049,0.00,0.00
https://app.clickup.com/t/86b73muad,,,,,,EER - Encore Events Rentals,90142340906,Website Development,901404396025,Approved fix related to: FW: Clients able to add/remove from orders through the portal (aug 20th),"As per last emily from email:  HI Jeremy –
 
Thank you for your email!
 
Sorry about that – let me clarify and I misspoke
The clients should be able to go into their order up until the 4 day out mark. 
 
Once in the order we are hoping it works the following way below:
 
If they are accessing the order 8 days out from the delivery date- they can still get into the order but they cannot remove of decrease the quantity of items. 
 

 
They can still add or increase items – ie if they log on 10/10 – they cannot delete or decrease – so the number can not be updated to Less than what is currently on the order. I don’t know if the minus option and the “x” option are just removed on the 8 day out timing. So they can only add
 
 

 
 
When they go into the order at the 8 day mark a pop up will go onto the screen that says the following
- “Based on the date of delivery for your event, only additions and increases can be made to your order. Thank you!”
 
 
Once it gets to 4 days prior to the delivery date ie in this example 10/10 – they are no longer able to enter the order – they can click it but it would say this and not open
 

 
“Based on the date of delivery for your event, please contact us to make updates or changes. Thank you!”
 
Let me know if that clarifies or I am happy to jump on a call to discuss further",,complete,encore events rentals,2025-10-16 10:41,2025-10-20 2:00,2025-10-24 7:09,,119466265,0.00,0.00
https://app.clickup.com/t/86b76weva,,,,,,PLR - Party Line Rentals,,Website Maintenance/ Website Technical Issues,,Web requests failed - please fix,"Layla sent an email regarding their failed web requests. I found 7 of them. Please check and fix


The following web requests failed to submit:
https://partylinerentals.com/wp-admin/post.php?post=32541&action=edit
https://partylinerentals.com/wp-admin/post.php?post=32542&action=edit
https://partylinerentals.com/wp-admin/post.php?post=32543&action=edit
https://partylinerentals.com/wp-admin/post.php?post=32544&action=edit
https://partylinerentals.com/wp-admin/post.php?post=32545&action=edit
https://partylinerentals.com/wp-admin/post.php?post=32547&action=edit
https://partylinerentals.com/wp-admin/post.php?post=32540&action=edit

They shared the same error:",,complete,party line rentals,2025-10-23 6:31,2025-10-22 14:00,2025-10-23 10:14,,119466240,,
https://app.clickup.com/t/86b77hebn,,,,,,TER - Tablescapes Event Rentals,90141883333,Website Development,901404639131,Add function to download monthly Web Request Reporting via WooCommerce dashboard,"Unlike PLR, ER and SR's Woocomm dashboard which allows the client and myself the ability to download monthly reports via the woocommerce orders dashboard, Tablescapes woocomm DB doesn't have that yet.  
Tablescapes https://tablescapes.com/wp-admin/admin.php?page=wc-orders 

compared to PLR 

EventRent

and Suburban",86b6552zj,complete,tablescapes event rentals,2025-10-24 12:05,2025-10-29 2:00,2025-10-24 16:40,,237646064,0.00,0.00
https://app.clickup.com/t/86b7859wn,,,,,,TER - Tablescapes Event Rentals,90141883333,Website Development,901404639131,"Fix order from Milwaukee, change from MLW to 100","Hey Jeremy, see screenshot and link below, let me know if you have any questions 
https://tablescapes.com/wp-admin/admin.php?page=wc-orders&action=edit&id=53206
I forwarded thee mail your way, let me know when ready 
Order 53206 https://tablescapes.com/wp-admin/admin.php?page=wc-orders&action=edit&id=53206",,complete,tablescapes event rentals,2025-10-27 10:07,2025-10-29 2:00,2025-10-27 10:36,,119466339,0.00,0.00
https://app.clickup.com/t/86b7a2yn8,,,,,,EER - Encore Events Rentals,90142340906,Website Development,901404396025,Submit issue - address not showing or weirdly deleting address after selected (see video),"Hey jeremy, related to Emily's feedback in this thread",,complete,encore events rentals,2025-10-31 10:33,2025-11-04 2:00,2025-11-05 11:32,,119466776,0.00,0.00
https://app.clickup.com/t/86b7dnqpu,,,,,,DET - Diamond Event and Tent,90141883210,Website Content Update,901403680952,"Update prices that Sync did not catch, investigate and share cause, how to prevent this","P&PS > ignore SKUs not working properly ONLY for dance floors.
These are grouped products - example: https://diamondevent.com/wp-admin/post.php?post=10889&action=edit (children use same SKU 2719)
All children prices were updated to $999999.99 instead of $55.95
Clients is manually changing the prices as we speak
Please note that all children are using the same SKU, which may have to do with the issue



we sent to client:
Price sync is enabled without adding or deleting new products.
The settings are here:
 
Log files with the list of corrections can be found here:
 

Client asked:
 We responded: Thank you for your patience as I got some info that will help! 
 
Following the URL to update the settings below, you can find the setting related toIgnored Rental Classesand that is where you'd enter and SKUs you like to ignore. 
https://diamondeventdv.wpenginepowered.com/wp-admin/admin.php?page=product-price-sync-options
 
Please add the SKUs you'd like to exclude in the box below, hit save settings and run another Synchronization or enable and run a Dry Run so you can check the file logs to confirm they were ignored and excluded from the sync. 
  
From client: 
 Hi Jordan,
 
It looks like the price sync exceptions didn’t work correctly. The dance floors that I listed the SKUs of are now appearing incorrectly on the website.
 
Our checkered dance floors are now listed at $999999.99 instead of $55.95. This is for me to manually fix right now, but want to prevent this issue during price syncs in the future.
Ex Incorrect Listing: rental-product/white-driftwood-checkered-dance-floor/
Fixed Listing: rental-product/white-black-checkered-dance-floor/
 
The dance floors that your dev team set up for us as custom grouped products are also now incorrect (these SKUs were also listed out as exemptions). Each size option is listed at $55.95, but it should be listed as it appears in this screenshot below:
 
This should be fixed for the following products, all at the same price points for each size:
 rental-product/outdoor-amber-cherry-dance-floor/
 rental-product/outdoor-black-dance-floor/
 rental-product/outdoor-northern-birch-dance-floor/
 rental-product/outdoor-white-dance-floor/
 rental-product/outdoor-white-driftwood-dance-floor/
 
Similarly, theindoor white dance floorshould be fixed to reflect the following:

 
And theindoor driftwood dance floorshould be fixed to reflect this pricing:

 
 
Is there a way to avoid this issue during price syncs in the future, since listing the exempted SKUs didn’t work?",,in progress,,2025-11-10 12:42,2025-11-12 2:00,,,119467003,0.00,0.00
https://app.clickup.com/t/86b7dnz29,,,,,,DET - Diamond Event and Tent,90141883210,Website Content Update,901403680952,"Look into why these prices didn't sync, what happened with ignore rental class function",,86b7dnqpu,complete,diamond event and tent,2025-11-10 12:54,2025-11-12 2:00,2025-11-10 15:34,,237646230,0.00,0.00
https://app.clickup.com/t/86b7g4jhe,,,,,,SRS - Service Rentals and Supplies,90142362564,Website Maintenance/Website Technical Issues,901408937893,Extend 2x APIs to RepMove,,,complete,service rentals and supplies,2025-11-14 15:55,2025-11-21 4:00,2025-12-09 14:22,,119468726,5.00,4.00
https://app.clickup.com/t/86b7kfnxh,,,,,,TER - Tablescapes Event Rentals,90141883333,Admin/Others,901403937608,Whitelist IP address so can connect to Alert via VPN,"Here is the thread and provided info from Christine:
Clean Talk is causing the issue based on the last line of the message. 
If you can share your VPN IP address and it's static, we can white list it for you. Please use either of the tools below to find out your IP and let us know! 
  or",,complete,tablescapes event rentals,2025-11-24 8:53,2025-11-26 2:00,2025-11-24 9:08,,119467969,0.00,0.00
https://app.clickup.com/t/86b7pnu2q,,,,,,PLR - Party Line Rentals,,Website Content Update,,Add option to move additional context box to top of WR email,"For reference:  

there's no configuration for you to change the location of this, it requires a code change.
I'm happy to add that option so you can control the position of the ""additional content"" text.
the values will be ""footer"" or ""after heading""
I should have that out today, no cost.",,complete,party line rentals,2025-12-03 10:59,2025-12-05 2:00,2025-12-08 7:05,,119468585,,
https://app.clickup.com/t/86b7q4g9v,,,,,,ER - EventRent,90141883221,Website Content Update,901403935340,Add check box for flooring to tent form for variable canopy products - https://idahoeventrent.com/product-category/tents/,"add a check box for flooring on the tent form 

See thread for reference, includes screenshots :  
Thank you! Let me know if you have any questions",,complete,event rent idaho,2025-12-04 8:54,2025-12-08 2:00,2025-12-10 12:57,,119468772,0.00,0.00
https://app.clickup.com/t/86b7qn157,,,,,,SR - Suburban Rental,90141883313,Website Maintenance/ Website Technical Issues,901403684755,WR Performance Reports discrepency,both Party & Tools datasets are displaying the same annual numbers,,complete,suburban rental,2025-12-05 8:33,2025-12-12 4:00,2025-12-16 9:51,,119469217,0.00,0.00
https://app.clickup.com/t/86b7qn700,,,,,,WebRequest PLUS,901405305528,WebRequest PLUS,901405305528,P&PS  should consider Fixed Asset Status from Alert,"Conversation with Rysan (Service Rentals) > inventory at all locations in Alert with statuses - Current, Down, Sold, etc.
Currently, 1530 is showing as available in all 6 locations, because P&PS is not taking in account the Alert Status field",,complete,alert-webrequest,2025-12-05 8:47,2026-02-06 2:00,2026-03-26 8:41,,119475846,4.00,24.00
https://app.clickup.com/t/86b7qn8f2,,,,,,WebRequest STANDARD,901404777151,WebRequest STANDARD,901404777151,Add Weekly email to rental store with a reminder of how many products in Draft exist,,,to do,alert-webrequest,2025-12-05 8:51,,,,119468504,0.00,0.00
https://app.clickup.com/t/86b7qqyz3,,,,,,SRS - Service Rentals and Supplies,90142362564,Website Design,901407298164,"Make select a location more prominent on homepage, enable tablescapes feature for all 6 locations ","3. Make the need to select a location more prominent. Let's work on mocking up, proposing and if approved implementing the same experience as Tablescapes. Include all 6 locations. 

thread for reference:",,complete,service rentals and supplies,2025-12-05 11:02,2025-12-10 2:00,2026-01-15 7:43,,119470592,0.25,0.25
https://app.clickup.com/t/86b7t1gbr,,,,,,SRS - Service Rentals and Supplies,90142362564,Website Maintenance/Website Technical Issues,901408937893,Modify P&PS permissions for Shop Managers so they can pull Alert Data Files like admins ,"Hey @Jeremy Simmons thanks again for helping me understanding this as Rysan emailed about the same location issue and I was able to pull the  sheet and show him why twice a day, P&PS resets their manual updates. Thing is, he notified me that he didn't have permission to access those downloads so last night I quickly changed his role to admin (temporarily, will change back once we solve this) in case he tried the links again and I followed up this morning with the Download Alert Rental prices so he can view the sheet. Can you make it so that shop manager can access and download those? Because I get the impression any client of ours with P&PS and a shop manager role wont be able to do it either  and thread for reference:",,complete,service rentals and supplies,2025-12-09 11:17,2025-12-11 2:00,2025-12-09 12:56,,119468721,0.00,0.00
https://app.clickup.com/t/86b7u195k,,,,,,AR - Alert Rental,90141883186,Admin/Others,901403830684,Customer Portal for Alert - beginning stages from AUG chat,"Jordan: had a great call today with Alert and they followed up about a convo from AUG about possibly building out a Customer Portal for them. My next call with them will be Jan 15th, can you please prepare a list of questions that would be helpful for me to ask them to gather any info you need? We got plenty of time, just wanted to give you a heads up while it's top of mind.
Jeremy: I don't really have any questions at this time. 
I can create a copy of their site and install it. Can you please create a task for me? Here you go my friend",,complete,alert rental,2025-12-11 11:17,2026-02-09 2:00,2026-02-12 8:54,,119472760,8.00,12.00
https://app.clickup.com/t/86b7uk5tc,,,,,,WebRequest STANDARD,901404777151,WebRequest STANDARD,901404777151,Add line breaks in checkout,,,complete,webrequest,2025-12-12 18:43,2025-12-17 4:00,2025-12-12 22:11,2025-12-12 22:11,119468922,0.00,0.00
https://app.clickup.com/t/86b7v5eec,,,,,,SRS - Service Rentals and Supplies,90142362564,Website Maintenance/Website Technical Issues,901408937893,Investigate and fix P&PS glitch,"Thread for reference:  

Product https://service-rentals.com/product/aerial-track-boom-77-jlg/?store-location=2  doesn't have location 2, but still shows on category https://service-rentals.com/product-category/aerial/boom-lifts/?store-location=2 
On Product Page - quantity picker is still being shown, but shouldn't be.",,complete,service rentals and supplies,2025-12-15 11:20,2025-12-17 2:00,2026-01-15 7:42,,119470591,0.00,0.00
https://app.clickup.com/t/86b7w1u00,,,,,,DET - Diamond Event and Tent,90141883210,Website Development,901405076192,Please prepare a data dump for Tents/Canopies from EventRent,"As discussed today, the client wants custom Tent pages like the ones we have on EventRent, example:  

These products are variable (width and hight attributes) + form

The goal here is to give the client something structured to start off of and our goal is to make the build as similar to ERI.

The client will need to make the decision if:
All tent variations will have a unique RC >> recommended approach
If tent variations will not have unique RCs then we need to know which RC contains what tent variations as those will have to be pushed as notes via WebRequest",,complete,diamond event and tent,2025-12-17 8:59,2025-12-19 4:00,2025-12-17 13:36,,119469384,0.25,0.25
https://app.clickup.com/t/86b7w260z,,,,,,DET - Diamond Event and Tent,90141883210,WP <> WP - Website Migration & Build,901412913528,Add Custom Tenting Form for Canopy products,"Add Custom Tenting Page: estimated 10 hrs → Here is a spreadsheet to help you brainstorm tent variations for phase 2 of the project for the Diamond website.  
Add Variable product with attributes hight and length from customer data
Add Custom questions to include surface structure and other upsell products",,complete,diamond event and tent,2025-12-17 9:21,2026-05-05 2:00,2026-05-06 15:48,,119478621,11.00,11.00
https://app.clickup.com/t/86b7wk6uj,,,,,,TER - Tablescapes Event Rentals,90141883333,Website Development,901404639131,WebRequest - Missing data in 2024 and 2025 - please look into this further,"I shared with you that during AUG Christine (Tablescapes) share that their online revenue has dropped over the past few months. I am working through 2024 - 2025 comparison and noticing missing data

Jordan shared not too long ago that May 2025 is missing. It was suggested that data was lost during the migration
Looking at 2024 I see February and November missing also

What is the reason for the missing data. 

Is there nothing we can reverse populate from Alert? 

I cannot understand how data would be missing randomly or justify now that the error was made during migration.",,complete,tablescapes event rentals,2025-12-18 12:14,2025-12-23 4:00,2025-12-18 15:28,,119469484,0.00,0.00
https://app.clickup.com/t/86b7xxn11,,,,,,PLR - Party Line Rentals,,Website Maintenance/ Website Technical Issues,,Add button for New Request | Existing Order,"As discussed at AUG with Layla, here is a task since she only forwarded the thread to me now. Here is the thread for reference  
You confirmed: ""New Request | Existing Order"" can be done this week, ~1h",,complete,party line rentals,2025-12-23 11:33,2025-12-30 2:00,2026-01-15 7:43,,119470593,,
https://app.clickup.com/t/86b81adkv,,,,,,DET - Diamond Event and Tent,90141883210,Website Development,901405076192,Install Product Edit Express,"Please install the new solution for express Woo Products Editing on the DEV site https://diamondv2new.wpenginepowered.com/ 

 do you agree for the time being we can share the documentation you started with the client for now?

https://docs.google.com/document/d/1Vq4Uqut69PKGLLz6ZJs3tROEUmY1n9RdrqpBtcaQcRg/edit?tab=t.0#heading=h.q9yjvo17hetw",,complete,diamond event and tent,2026-01-05 14:36,2026-01-06 4:00,2026-01-14 16:11,,119470567,0.00,0.00
https://app.clickup.com/t/86b83641e,,,,,,Bighorn Rentals,90147484004,Website Development,901413979318,Proposal for enabling cart and request for quote to be sent via email (not integrated with any software),"Hi Team,

I am hoping to get some support on what it will take to enable our WebRequest solution on this website: https://bighornrents.com/ , but have submissions be sent via email. Jeremy has implemented that twice, one of the times was for Vini's Party Rentals.

Estimate sheet:
https://docs.google.com/spreadsheets/d/1lj72pg5lBHnSdilSp81vW3XLbN1b2vPWfeYUKITo3ro/edit?gid=0#gid=0

Similarly to Service Rentals, where the certificate of liability is added automatically, the cart should automatically include Environmental Fee and Damage Waiver fee (both will have a price, will not be $0).

Example:


This is already a WordPress website and utilizes WooCommerce.",,in progress,bighorn rentals,2026-01-08 16:59,2026-01-12 4:00,,,119470274,0.00,0.00
https://app.clickup.com/t/86b84e37d,,,,,,TLM - Twelve Legs Marketing,90142182731,Tablescapes Builder,901414015785,Please share the Tablescapes Builder specs for image generation,,,complete,twelve legs,2026-01-12 15:04,2026-01-13 4:00,2026-01-14 16:19,,119470570,0.25,0.00
https://app.clickup.com/t/86b85brhu,,,,,,SRS - Service Rentals and Supplies,90142362564,Website Maintenance/Website Technical Issues,901408937893,Update Product Notices to allow Optional Related items,"Note: Client wants the ability to be able to add sale items are related items themselves*
>am I correct in thinking it's easy to add them as mandatory items that can't be removed but since he wants them to act like related items, it requires customization?
Yes. I have to ""do work"" to accommodate this.

re: ""Related Items"". The line between a mandatory item an and an optional item is pretty thin. I'm happy to do this change as part of webrequest ongoing development (no cost to customer)

Please add a clickup ticket title: ""Update Product Notices to allow Optional Related items""

Screenshots for reference:  When I asked for list of chainsaw URLs that he wants to add sales items too -→ ""Hi Jordan,
Are you asking to include all rental items that require associated sales items for proper use? That’s quite a large number of items, and ideally, we should have the ability to add these ourselves.”",,complete,service rentals and supplies;webrequest,2026-01-14 13:16,2026-02-27 2:00,2026-03-19 15:52,,119475501,2.00,8.00
https://app.clickup.com/t/86b8677gd,,,,,,PLR - Party Line Rentals,,Website Maintenance/ Website Technical Issues,,Investigate traffic spikes causing WPEngine Gateway Timeout,"During the last Gateway Timeout reported by Tablescapes on January 7, 2026 we determined that PLR was the reason due to the spike of traffic.


In looking into PLR's traffic over the past months we caught an unusual trend in which PLR is getting traffic from ORGANIC social media 

Party Line Rentals



January 7, 2026:


January 3, 2026:


December 21, 2025:


October 29, 2025:


September 28, 2025:",,complete,party line rentals,2026-01-16 8:23,2026-02-27 4:00,2026-04-20 6:19,,119477616,,
https://app.clickup.com/t/86b868u2x,,,,,,EER - Encore Events Rentals,90142340906,Website Development,901404396025,"Confirm patchwork tracking to LS to Event Design Gallery based on previous estimate, will update task to implement after approval","https://lookerstudio.google.com/reporting/9eadd760-c3d0-4102-9177-e4b450e1459b?s=orGjtb27acg
https://www.encoreeventsrentals.com/event-design-gallery/
Will still need to pitch this as additional backend hours (1 - 2) since client chose not to move forward with ecomm maintenance in 2026 which included backend support hours. Just making task for now to keep track 
Initial response from Rali to Kendall when I was on PTO, she wants to approve this as is for now, maybe we can get her on tracking saved hearts, etc. down the line.",,to do,encore events rentals,2026-01-16 9:49,,,,119470699,0.00,0.00
https://app.clickup.com/t/86b88za05,,,,,,WebRequest Roadmap,901404777094,WebRequest Roadmap,901404777094,Please install WebRequest Plus on demo.twelvelegsmarketing.com,,,to do,twelve legs,2026-01-23 10:09,2026-02-27 4:00,,,119432227.4,0.00,0.00
https://app.clickup.com/t/86b88za4u,,,,,,WebRequest Roadmap,901404777094,WebRequest Roadmap,901404777094,Please install Customer Portal on demo.twelvelegsmarketing.com,,,to do,twelve legs;webrequest,2026-01-23 10:09,2026-02-27 4:00,,,119432227.2,0.00,0.00
https://app.clickup.com/t/86b8at4dg,,,,,,VER - Vault Event Rentals,90144880127,WP From Scratch,901412913442,Investigate products from 50 and 51 showing up for location 53,"Hey @Slavko Tepavcevic and @Jeremy Simmons  i got this feedback from Dana when asked if they're ready to launch next week. Is it fair to say that she's experiencing product and price sync acting as it should based on her current settings? 
 --> Tried investigating myself and let me those questions, thanks! 1) If the only location set to pull data from is location 53, why might it also be pulling items from 50 and 51? 2) Is there any way to exclude locations (exclude 50 & 51 for example) or do they have the add all RC# to ignore list?",,complete,vault event rentals,2026-01-28 9:06,2026-01-29 2:00,2026-02-03 10:14,,119471932,0.00,0.00
https://app.clickup.com/t/86b8cmp9a,,,,,,DET - Diamond Event and Tent,90141883210,Website Pre-Launch Checklist,901413623257,Enable related products function on diamond dev site,"- Sorry, I was mistaken. We are actually utilizing “Upsells” as a way to share related products on each PDP under the current Diamond site. However, 1) the dev site is automatically having randomly-generated related items appear under each product. Could we turn that off? 2) On Vault’s dev site, though, there is a space to fill out “Related Products.” So if we were able to have that be the case for Diamond, as well, that would be great. Screenshots attached for reference. 
https://chat.google.com/room/AAAACXpWBSc/NA0pnuBFrc8/NA0pnuBFrc8?cls=10",,complete,,2026-02-02 12:23,2026-02-03 2:00,2026-02-03 9:15,,119471931,0.00,0.00
https://app.clickup.com/t/86b8gtk8k,,,,,,ER - EventRent,90141883221,Website Maintenance/Website Technical Issues,901403965619,Add Event Planner input on Checkout Page,"Thread for reference: 
Optional check box on the checkout page that says ""Are you working with an Event Planner?""
If checked, it triggers a list of planners that pull out of Alert, or has an option for customer to add their own if they are not listed.
If customer chooses a preset planner, it chooses the correct planner in this field on the ticket in Alert.
If customer chooses to fill in their own, it would choose ""ADD"" in this field on the ticket.
In this instance, include input as note in the ticket and/or listed on the email to employees",,complete,event rent idaho,2026-02-12 10:56,2026-02-18 2:00,2026-03-06 11:41,,119474563,3.00,3.00
https://app.clickup.com/t/86b8h62bw,,,,,,AR - Alert Rental,90141883186,Website Content Update,901403888231,Update SOP for new KB Customer Portal control,">The only SOP relevant to their KB I could find was this if you wanted to add to it 

Thanks. Please make a task for me to update this so we can send it to them
related to this thread https://chat.google.com/room/AAAAabUubCs/4aIdZLvop_w/4aIdZLvop_w?cls=10",,to do,alert rental,2026-02-13 10:21,2026-05-22 2:00,,,119432227.1,0.00,0.00
https://app.clickup.com/t/86b8kqgj5,,,,,,PLR - Party Line Rentals,,Website Content Update,,Make Request Type field mandatory,https://app.meetvolley.com/products/14774/notes/377377,86b8kqfuk,complete,party line rentals,2026-02-20 13:44,2026-02-24 2:00,2026-02-24 11:48,,237648501,,
https://app.clickup.com/t/86b8m7abh,,,,,,VER - Vault Event Rentals,90144880127,Website Updates/Edits/Management,901414273042,Investigate products going directly to trash,"https://vaulteventrentals.com/wp-admin/admin.php?page=product-price-sync-options
Some of our products keep getting moved to Trash on the Vault website. The RC #s are all accurate and correlate with Alert, so we aren’t sure why they repeatedly move to Trash. Could your team look at that?
 
It won’t let me share specific links to each of the products since they are in the trash, but here is a link directly to the trash folder: 
 
The items that are live and accurate include:
Large White Half-Dipped Stone Vase 19636 G78
not listed in Alert Rental Products or Alert Rental Prices data sets. see ""Download Data Files"" at https://vaulteventrentals.com/wp-admin/admin.php?page=product-price-sync-options
Wood Hanger 19611 G256
listed in ignored rental classes
White Industrial Clothing Rack 19609 G254
listed in ignored rental classes
Black Clothing Rack with Shelves 19607 G252
listed in ignored rental classes
16” x 6” Apothecary Jar 18915 G365
not listed in Alert Rental Products or Alert Rental Prices data sets. see ""Download Data Files"" at https://vaulteventrentals.com/wp-admin/admin.php?page=product-price-sync-options",,complete,vault event rentals,2026-02-23 9:16,2026-02-25 2:00,2026-02-23 9:56,,119473703,0.00,0.00
https://app.clickup.com/t/86b8n8naa,,,,,,EER - Encore Events Rentals,90142340906,Website Development,901404396025,Investigate products not updating in Encore Price Sync for latest price increase ,"important: Encore is not using the Product & Price Sync Plugin. 
Their very lightweight Price Sync, which is a unique aspect of their site only updates a single price.
It does not Add Products, Move Products to the Trash, handle multiple prices or multiple locations.

I'm curious and a little concerned why the pricing for these two Wynn bar products didn't and has yet to be updated after our latest annual price increase last week. I will forward the Price Sync email from that day following this too.
I verified the RC numbers are accurate. 
Internal link: https://www.encoreeventsrentals.com/wp-admin/post.php?post=231461&action=edit
Customer facing link: https://www.encoreeventsrentals.com/product/wynn-bar/
Attached is a screenshot as well so you can see how the pricing appears before I manually update.
As you know, this can cause issues for us money-wise as we must honor the price as shown on the site. I will have my assistant perform a full audit tomorrow too to make sure there aren't more like this.
Please let me know what you discover and if you need anything else from me.",,complete,encore events rentals,2026-02-25 8:27,2026-02-27 2:00,2026-02-27 10:58,,119474197,1.00,1.00
https://app.clickup.com/t/86b8p5eqj,,,,,,Après Event Décor & Tent Rental,90144429992,Volatile <> WP - Website Migration,901413507831,Keep track of P&PS not working,https://chat.google.com/room/AAQAgnbkdkA/cHnelPClC6k/cHnelPClC6k?cls=10,,complete,apres event decor & tent rental,2026-02-27 6:35,2026-03-06 2:00,2026-03-06 4:50,,119474520,0.00,0.00
https://app.clickup.com/t/86b8qc62c,,,,,,TER - Tablescapes Event Rentals,90141883333,WebReservations,901414370938,Customer pricing - only for logged in user w/ alert customer key and assigned customer price list,,,complete,tablescapes event rentals,2026-03-03 6:11,2026-03-30 14:00,2026-06-22 7:51,,119481047,0.00,0.00
https://app.clickup.com/t/86b8qc6fz,,,,,,TER - Tablescapes Event Rentals,90141883333,WebReservations,901414370938,"Payment Options (credit card, on account)","Payment Options (credit card, on account; customer must be AR to pay on account) - WebReservations require a payment to be submitted the ""payment"" can either be a ""credit card"" payment of a minimum percent or amount (configurable in alert) or a ""pay on account"" payment which requires certain customer types like AR  

Notes:
need to know customer type codes and which payment types are allowed for each customer type
get alert support ticket for a custom report for customer info that includes customer type
get alert support to add report for web reservation settings
start SOP for web reservation - prerequisite/alert requests, etc.",,client review,tablescapes event rentals,2026-03-03 6:12,2026-03-30 14:00,,,119481048,0.00,0.00
https://app.clickup.com/t/86b8qc7mt,,,,,,TER - Tablescapes Event Rentals,90141883333,WebReservations,901414370938,Enable customers to select location and automatically route order to respective store location,"Notes:
chicago/wisconsin, nothing changes
make sure web reservation knows about location selection from webrequests",,client review,tablescapes event rentals,2026-03-03 6:14,2026-03-30 14:00,,,119481056,0.00,0.00
https://app.clickup.com/t/86b8qc7w3,,,,,,TER - Tablescapes Event Rentals,90141883333,WebReservations,901414370938,Enable customers to build a Wishlist (add products to list) and follow standard checkout (cart) flow to submit WebRequest or WebReservation (depending on user settings),"Notes:
select plugin, purchase
ensure convert wishlist to cart is hookable to create reservation data",,in progress,tablescapes event rentals,2026-03-03 6:14,2026-03-30 14:00,,,119477633,0.00,0.00
https://app.clickup.com/t/86b8qc842,,,,,,TER - Tablescapes Event Rentals,90141883333,WebReservations,901414370938,Enable related and kitted item behaviors*,"Notes:
when displaying a simple item, display optional related items near the add button. user selects checkboxes for optional items, and all items are added to cart simultaneously.
when displaying a simple item, display required related items near the add button, user does not have a checkbox, has label ""required"".
*Please note, related and kitted items integration complexity scope can only be determined after in-depth review of Alert set up has been completed and expected behaviors confirmed.",,client review,tablescapes event rentals,2026-03-03 6:15,2026-03-30 14:00,,,119481064,0.00,0.00
https://app.clickup.com/t/86b8qc8at,,,,,,TER - Tablescapes Event Rentals,90141883333,WebReservations,901414370938,Replace existing Bundled Product plugin with standard woocommerce bundled product plugin,"Notes:
When selecting a chair / cushion combination, display a specific image or fallback image",,in progress,tablescapes event rentals,2026-03-03 6:16,2026-03-30 14:00,,,119477624,0.00,0.00
https://app.clickup.com/t/86b8qc8ga,,,,,,TER - Tablescapes Event Rentals,90141883333,WebReservations,901414370938,Enable optional and mandatory fees*,"Notes:
Fees are set up by specifying a list of product categories. If a product belongs to any of these specified categories, the fees cannot be added/updated/removed from the reservation.
delivery time / time-of-day fees require customization
delivery location fees require customization
*Please note, optional and mandatory fees integration complexity scope can only be determined after in-depth review of expected behaviors.",,client review,tablescapes event rentals,2026-03-03 6:17,2026-03-30 14:00,,,119481058,0.00,0.00
https://app.clickup.com/t/86b8qc8r5,,,,,,TER - Tablescapes Event Rentals,90141883333,WebReservations,901414370938,Real-time inventory availability checks,"Notes:
Check Inventory on Single Product Page after quantity has been assigned. Prevent Adding to Cart if quantity is over the set availability rules.
Check Inventory on Cart and Checkout Page. Prevent Update if quantity is over the set availability rules.",,complete,tablescapes event rentals,2026-03-03 6:18,2026-03-30 14:00,2026-06-22 8:13,,119481059,0.00,0.00
https://app.clickup.com/t/86b8qc91y,,,,,,TER - Tablescapes Event Rentals,90141883333,WebReservations,901414370938,Delivery dashboard integration*,"Notes:
As part of the checkout experience, in Panel 6 - Delivery Dates.
when selecting Dates for Delivery (Dropoff/Pickup), the calendar can display dates augmented with the data from Alert Delivery Dashboard,
This includes Colors to give a visual indication of when dates are completely unselectable
*Please note, delivery dashboard integration complexity scope can only be determined after in-depth review of Alert set up has been completed and expected behaviors confirmed.",,client review,tablescapes event rentals,2026-03-03 6:19,2026-03-30 14:00,,,119481061,0.00,0.00
https://app.clickup.com/t/86b8qc99b,,,,,,TER - Tablescapes Event Rentals,90141883333,WebReservations,901414370938,Create new reservations,,,client review,tablescapes event rentals,2026-03-03 6:20,2026-03-30 14:00,,,119481057,0.00,0.00
https://app.clickup.com/t/86b8qc99v,,,,,,TER - Tablescapes Event Rentals,90141883333,WebReservations,901414370938,Update existing reservations,,,client review,tablescapes event rentals,2026-03-03 6:20,2026-03-30 14:00,,,119481062,0.00,0.00
https://app.clickup.com/t/86b8qc9c5,,,,,,TER - Tablescapes Event Rentals,90141883333,WebReservations,901414370938,Copy existing reservation,"Notes:
find existing Bid/Reservation/Contract/Closed Ticket, and converting to a wishlist",,client review,tablescapes event rentals,2026-03-03 6:20,2026-03-30 14:00,,,119481063,0.00,0.00
https://app.clickup.com/t/86b8qc9jb,,,,,,TER - Tablescapes Event Rentals,90141883333,WebReservations,901414370938,Ecomm/Reservations Activity reporting,"include reporting on ecommerce usage
https://www.encoreeventsrentals.com/wp-admin/admin.php?page=ecomm-report-list
https://www.encoreeventsrentals.com/wp-admin/admin.php?page=ecomm-report-month-activity",,in progress,tablescapes event rentals,2026-03-03 6:21,2026-03-30 14:00,,,119477627,0.00,0.00
https://app.clickup.com/t/86b8qc9ka,,,,,,TER - Tablescapes Event Rentals,90141883333,WebReservations,901414370938,Pre-launch quality inspection testing,,,complete,tablescapes event rentals,2026-03-03 6:21,2026-03-30 14:00,2026-06-26 15:18,,119481692,0.00,0.00
https://app.clickup.com/t/86b8qc9pe,,,,,,TER - Tablescapes Event Rentals,90141883333,WebReservations,901414370938,One user with multiple Alert customers,,,client review,tablescapes event rentals,2026-03-03 6:21,2026-03-30 14:00,,,119481065,0.00,0.00
https://app.clickup.com/t/86b8qc9ug,,,,,,TER - Tablescapes Event Rentals,90141883333,WebReservations,901414370938,"Standard checkout experience, following Alert ticket form","Notes:
Page 1, The virtual ticket has multiple ""tiles"" at the top of a virtual ""ticket"".
Each ""tile"" has a subset of fields that must be filled out.
In addition to tiles, the list of items (analogous to the cart) can be updated (add/change quantity/remove).

Panel 1 - Rented to
Renter Details automatically filled in from user

Panel 2 - Location
Delivery Type: Pickup (Will Call) | Delivery
If Delivery
Delivery City: List
Address: Pick Venue or Custom Location
Address, Address2, City, State, Zip
If Will Call:
Will Call Location List

Panel 3 - Reservation
Read only view of Reservation number and Revision number

Panel 4 (bottom left) - Renter Details:
Received By, Contact Email, Phone Type, Phone, Phone 2 Type, Phone 2

Panel 5 (bottom middle) - Ticket Details
PO/Event Name, Event Contact, Contact Phone

Panel 6 (bottom right) - Dates
Delivery Date, Event Date, Pickup Date, Event Start Time
Dates can use Delivery Board calendar for visualizing availability
Delivery Board Color Legend - Colors and Labels
Blackout (cannot select) Rules for Board Colors

Page 2, payment details,
Page 3, terms, notes, agreement

*Changes to page order or contents, changes to panel forms requires customization and will incur additional investment",,client review,tablescapes event rentals,2026-03-03 6:22,2026-03-30 14:00,,,119481049,0.00,0.00
https://app.clickup.com/t/86b8v91wq,,,,,,ER - EventRent,90141883221,Website Content Update,901403935340,Investigate error and enable access to report for Pete's user,"From client: 
When I try to run the export on this page: 
 
I get the following error:  
ok... so. 
assuming he's able to view the page, and create & edit the records...
seems like the error occurs when he clicks export.",,complete,event rent idaho,2026-03-12 11:35,2026-03-16 2:00,2026-03-12 14:46,,119474913,0.00,0.00
https://app.clickup.com/t/86b8v9dbk,,,,,,EER - Encore Events Rentals,90142340906,Website Development,901404396025,Investigate portal issue and provide time estimate to resolve,"Hey Jeremy, from Emily's email yesterday 
HI all -
We have a client having issues with the portal - here is the info and the screenshot.  I just tested it and got the same experience and pop up
Client - Party, tents and Evens 
Email - yuri.p@sonic.net
Alert client code: 520
I tried creating an order adding the items to the cart and then I got to the final confirmation page and clicked submit and this is what I got

I asked Emily if she added renter last name and first name to reservations, says no... as it auto populates... do you have any idea what else could be causing the error?",,complete,encore events rentals,2026-03-12 11:49,2026-03-13 2:00,2026-03-12 14:14,,119474912,0.00,2.00
https://app.clickup.com/t/86b8vr5an,,,,,,TER - Tablescapes Event Rentals,90141883333,Website Development,901404639131,"Check out page updates Multi Day Event, Delivery & Pickup Timing","All the info the client shared, please let me know if you need any more info from the client, thank you! 
https://chiavaris.com/request-a-quote/ - leads to example on another website, see screenshot she added for reference",,complete,tablescapes event rentals,2026-03-13 7:10,2026-03-27 2:00,2026-04-09 5:51,,119476794,3.00,3.00
https://app.clickup.com/t/86b8vurxb,,,,,,AWA_VR - Viking Rentals,90147685321,WP From Scratch,901414325451,Product Locations Taxonomy/Sync Issue,"CHAT (use for reference)

>> Each locations taxonomic terms are likely not syncing correctly for Viking Rentals / the locations don't seem to have any products attached to them. Please look into why & resolve when able.",,complete,viking rentals,2026-03-13 9:51,2026-03-20 3:00,2026-03-21 21:31,,119475607,0.00,2.00
https://app.clickup.com/t/86b8vwtq4,,,,,,TER - Tablescapes Event Rentals,90141883333,Website Development,901404639131,P&PS logs not sending,"https://tablescapes.com/wp-admin/, from call",,complete,tablescapes event rentals;webrequest,2026-03-13 11:15,2026-04-01 2:00,2026-04-20 6:19,,119477615,0.00,0.00
https://app.clickup.com/t/86b8x09v0,,,,,,ER - EventRent,90141883221,Website Maintenance/Website Technical Issues,901403965619,Investigate and fix missing WR order data,https://idahoeventrent.com/wp-admin/edit.php?post_type=shop_order - looks like all the additional data is missing from their Woo Commerce dashboard.,,complete,webrequest,2026-03-16 8:30,2026-03-24 2:00,2026-03-24 14:25,,119475707,0.00,0.25
https://app.clickup.com/t/86b8x824j,,,,,,ARV - Arvada Rent-Alls,90147642371,WP From Scratch,901414252479,Add price list to product loop like existing site,"Yes, that's correct, a price list is also needed in the product loop. That would be great to add.
Like they currently have on the existing site:",,to do,webrequest;arvada rent-alls,2026-03-16 13:58,,,,119475063,0.00,0.00
https://app.clickup.com/t/86b8xwc4c,,,,,,TER - Tablescapes Event Rentals,90141883333,WebReservations,901414370938,"Review image files provided by client, confirm if these will work","I believe the attached images should be sufficient for the color test.  This is a silver Chiavari, RC 0325, and 12 different color cushions.",,complete,tablescapes event rentals,2026-03-17 14:22,2026-03-24 2:00,2026-03-21 21:29,,119475604,0.00,0.00
https://app.clickup.com/t/86b8yaxcf,,,,,,DET - Diamond Event and Tent,90141883210,Website Development,901405076192,Add opt in check box and complete integration,For,,complete,diamond event and tent,2026-03-18 9:27,2026-03-27 2:00,2026-04-01 14:00,,119476339,4.00,4.00
https://app.clickup.com/t/86b95zggz,,,,,,ER - EventRent,90141883221,Website Content Update,901403935340,"Mock Up Separate Tradeshow Checkout Experience, send out","Call recording: 
Call notes: 
Customer sent the questions via email so I added them to the comment. 
Draw.io - 
Estimation:",,complete,event rent idaho,2026-04-01 15:36,2026-04-29 2:00,2026-04-30 15:25,,119478321,0.00,0.00
https://app.clickup.com/t/86b95zhru,,,,,,ER - EventRent,90141883221,Website Content Update,901403935340,Mock out process based on provided feedback,"Call recording: 

Call notes:",86b95zggz,complete,event rent idaho,2026-04-01 15:38,2026-04-08 2:00,2026-04-30 15:26,,237649465,0.00,0.00
https://app.clickup.com/t/86b96rjne,,,,,,SRS - Service Rentals and Supplies,90142362564,Website Content Update,901406992304,"Update user permissions for Ryan O, allow to view P&PS and WR settings","Hey jeremy, Ryan O is unable to edit P&PS or WR settings, please enable permissions for his shop user. 
thank you",,complete,service rentals and supplies,2026-04-03 6:56,2026-04-06 2:00,2026-04-03 12:34,,119476457,0.00,0.00
https://app.clickup.com/t/86b9a8bzp,,,,,,TER - Tablescapes Event Rentals,90141883333,Website Content Update,901403203471,Advise on issues - 1) not allowing products to be updated + gateway timeout 2) product not showing on front end ,,,complete,tablescapes event rentals,2026-04-07 10:55,2026-04-09 2:00,2026-04-09 7:39,,119476811,2.00,4.00
https://app.clickup.com/t/86b9ar176,,,,,,SRS - Service Rentals and Supplies,90142362564,Website Maintenance/Website Technical Issues,901408937893,Investigate 3 products going to trash even though removed from Ignored List,"SKUs: nift, dehm, ramm 
ramm - wp-admin/post.php?post=5362&action=edit
dehm - wp-admin/post.php?post=5309&action=edit
nift - wp-admin/post.php?post=5226&action=edit",,complete,service rentals and supplies,2026-04-08 7:33,2026-04-10 2:00,2026-04-14 10:21,,119477231,0.00,0.00
https://app.clickup.com/t/86b9ar3rx,,,,,,ARV - Arvada Rent-Alls,90147642371,Website Content Update,901415054134,Allow Shop Manager role to change Web Request & P&PS settings,"Hey jeremy, please update for Andrew Heesacker, Brendon Wilson , Chris Dahmer and Ryan Holmes
https://arvadarentalls.com/wp-admin/users.php",,complete,arvada rent-alls,2026-04-08 7:38,2026-04-10 2:00,2026-04-09 5:37,,119476793,0.00,0.00
https://app.clickup.com/t/86b9autru,,,,,,DET - Diamond Event and Tent,90141883210,WP <> WP - Website Migration & Build,901412913528,"Review tenting and question sheet, confirm if works or need clarity",,86b7w260z,to do,diamond event and tent,2026-04-08 9:27,2026-04-10 2:00,,,237649512,,
https://app.clickup.com/t/86b9b2w9z,,,,,,EER - Encore Events Rentals,90142340906,Website Development,901404396025,Ecomm updates - disabled submit / missing first & last name,"1. Submit button is greyed out for the specific order shared - investigate and resolve 
> 2h.
INTERNAL: this is caused by the ""HEALDSBURG"" item ""HEA+5"". It's in a category ""Delivery Locations"", which I'd have assumed would have been excluded.
generally, this whole ""check bulk availability"" thing that was done by powershifter has been the ""gift"" that keeps on giving...



2. Remove error notification message if user missing first / last name, allow users to submit orders without adding first / last name.
The error message from blank first/last renter name is an Alert requirement.
If they want me to use a default set of values if it's not present, I can do that.
It would take 30 minutes.",,complete,encore events rentals,2026-04-08 14:46,2026-04-10 2:00,2026-04-20 13:27,,119477686,2.50,2.00
https://app.clickup.com/t/86b9bc513,,,,,,EER - Encore Events Rentals,90142340906,Website Development,901404396025,Disabled submit - 2 hrs,"1. Submit button is greyed out for the specific order shared - investigate and resolve 
> 2h.
INTERNAL: this is caused by the ""HEALDSBURG"" item ""HEA+5"". It's in a category ""Delivery Locations"", which I'd have assumed would have been excluded.
generally, this whole ""check bulk availability"" thing that was done by powershifter has been the ""gift"" that keeps on giving...",86b9b2w9z,complete,encore events rentals,2026-04-09 7:16,2026-04-10 2:00,2026-04-20 13:27,,237649529,2.00,2.00
https://app.clickup.com/t/86b9bc54v,,,,,,EER - Encore Events Rentals,90142340906,Website Development,901404396025,Set default values for first and last name - 30 mins,"2. Remove error notification message if user missing first / last name, allow users to submit orders without adding first / last name.
The error message from blank first/last renter name is an Alert requirement.
If they want me to use a default set of values if it's not present, I can do that.
It would take 30 minutes.",86b9b2w9z,complete,encore events rentals,2026-04-09 7:16,2026-04-10 2:00,2026-04-20 13:27,,237649530,30.00,0.50
https://app.clickup.com/t/86b9dbp62,,,,,,EER - Encore Events Rentals,90142340906,Website Development,901404396025,fix javascript errors in reservation checkout,"These are things I noticed that I'm proactively adjusting or fixing. Some were legitimate bugs (not being able to submit during pickup selection), some were just quality of life improvements that will reduce end-user confusion and improve conversion for custmers.

lpatterson@rodneystrong.com
Uncaught TypeError: Cannot read properties of undefined (reading 'onclick') (could not reproduce)
Failed to refresh the tokenTypeError: Cannot read properties of undefined (reading 'sendMessage') (Could Not Reproduce)
Ensure submit button vislble during pickup/delivery 1:35
will-call not submittable 0:53

Flow:
New Reservation
Delivery
Rodney Strong Vineyards
Changed to Will Call
Windsor - couldn't submit

""Rented To"" not fully populated

PO/Event panel doesn't show ""submit"" in button

No Visual Clue about why submit isn't enabled or that event dates aren't filled out

Added Forte Burgundy Glass -",,complete,encore events rentals,2026-04-13 16:35,,2026-04-15 9:18,,119477367,0.00,1.00
https://app.clickup.com/t/86b9dnqhf,,,,,,ARV - Arvada Rent-Alls,90147642371,Website Content Update,901415054134,Adding selectable start / end times to on demand price feature ,"Hey @Jeremy Simmons got an interesting question from Arvada. Apparently this aerator product has a minimum rate of $48 for 2 hours and then $24 per hour after that, topping out at $156 for the daily rate. If a customer wanted to rent it for 2 hours only and pick the product up themselves (applies only to pick up) is there a way to make it so when the customer sets a pick up and return time of 2 hrs only, the minimum rate of $48 for 2 hrs is applied to the checkout instead of the full day rate of $156? If this capability doesn't exist, let me know what might be required so I can provide an estimate, thanks! This is the product in question 
https://arvadarentalls.com/wp-admin/post.php?post=706&action=edit and it does have an hourly rate of $24",,complete,arvada rent-alls;webrequest,2026-04-14 9:17,2026-04-28 2:00,2026-05-14 6:58,,119478848,4.00,4.00
https://app.clickup.com/t/86b9duenn,,,,,,ARV - Arvada Rent-Alls,90147642371,Website Content Update,901415054134,on demand price form not working ,"after enabling the on-demand price feature, the on-demand price form isn't visible
the ""on demand price"" form isn't displaying 
https://arvadarentalls.com/rental-products/aerator-ryan-lawnaire-iv/?store-location=arv


And adding a product to the cart shows an default ""0"" value of Jan 1 1970 for the start and end date",,complete,arvada rent-alls;webrequest,2026-04-14 12:25,,2026-04-20 10:06,,119477680,0.00,0.00
https://app.clickup.com/t/86b9hfh6y,,,,,,WebRequest STANDARD,901404777151,WebRequest STANDARD,901404777151,Make the tent form (diamond) a standard feature,,,to do,alert-webrequest,2026-04-21 11:14,,,,119477732,0.00,0.00
https://app.clickup.com/t/86b9n0dtd,,,,,,TLM - Twelve Legs Marketing,90142182731,Website Maintenance/ Website Technical Issues,901403685204,ADA compliance,"We're conducting an ADA compliance analysis and we used the Service Rentals website as an example to evaluate how well WR is prepared.

We identified two issues: 
#1: One of them appears to be on the Checkout page, where the Shipping Type label maybe is not implemented correctly, so it doesn't show up under the Forms list.
#2: Also, the calendar and location on the product single page inside the on-demand price widget

For accessing assistive device features, we used the default built in option in Chrome, which can be accessed via the Ctrl+Alt+Z keyboard shortcut.",,complete,twelve legs;ada compliance audit,2026-04-28 3:48,2026-05-07 20:00,2026-04-30 6:47,,119478169,0.00,2.00
https://app.clickup.com/t/86b9pbe5x,,,,,,ARV - Arvada Rent-Alls,90147642371,Website Content Update,901415054134,Update Arvada Customer portal to most recent version,,,complete,arvada rent-alls,2026-04-30 6:48,,2026-06-11 15:00,,119480324,0.00,6.00
https://app.clickup.com/t/86b9pck16,,,,,,EER - Encore Events Rentals,90142340906,Website Development,901404396025,"ecomm issues - will call orders, rented to name","From Emily, send thread your way

Happy Wednesday! I wanted to share 2 things that have come up and hopefully I am sharing enough information.

ISSUE 1: For this client: 22017
-Every time they go into the portal and make updates on Will call orders - it changes the flags for delivery/pick up to Y/Y instead of No/no. 

Here is the order example and I have done a video to show what happens
- R139857
JPineda@milestoneeventsgroup.com
​Recording 2026-04-29 130204 1.mp4​
​Recording 2026-04-29 130338.mp4​

The second issue is that when clients are updating orders in the portal - it is changing the rented too field - seen here to ""missing name"" - which I also showed in the video above.

Hopefully this is enough info to see the issues, please let me know if you need any additional info 

Reminded about the SOP we sent and new process for reporting ecomm isues: 
Based on the SOP for Ecomm issue reporting that we reviewed and shared feedback on earlier this month, I need a bit more info before I can pass this to Jeremy. If you can share the credentials needed to view the video, you can likely just share the Order URL and date/time for issues 1 and 2, plus an example user for issue 2. The videos should tell us the rest. 

For Issue 1, please provide the following:
 Order URL:
 User (name and email experiencing the issue):  JPineda@milestoneeventsgroup.com
 Date/Time issue occurred:
 What action was taken? (e.g., editing order, adding item, checkout)
 What went wrong? (include exact error message if possible)
 What was the expected result? (what should have happened)
 Screenshot(s): (required if available along with the order URL)

For issue 2, does this apply to all accounts? If not, please provide the following info for an example client we can use to investigate. 
 Order URL:
 User (name and email experiencing the issue):
 Date/Time issue occurred:
 What action was taken? (e.g., editing order, adding item, checkout)
 What went wrong? (include exact error message if possible)
 What was the expected result? (what should have happened)
 Screenshot(s): (required if available along with the order URL)

Her response; see comments.",,complete,encore events rentals,2026-04-30 8:08,2026-06-08 2:00,2026-07-17 12:34,,237651971,0.00,0.00
https://app.clickup.com/t/86b9pxx61,,,,,,ER - EventRent,90141883221,Admin/Others,901403935352,Trade Show Experience - Proposal,"Latest Feedback from Dina - received 4/30:
I’m so sorry, but I was wrong, and it seems that we do not want to have a drop down list of our upcoming tradeshows that anyone can access. Instead, we are hoping that we can give a link to promoters that they can share with their exhibitors and/or a code that they can put in that will take them to their direct show. The flow would look like:
Tradeshows tab:
For Promoters > Has not changed from the description you have listed.
For Vendors/Exhibitors > Either a popup box to enter in a code for your show or click on this to go to a general tradeshow landing page that asks for a code. (This landing page could be like the promoter section, in having access to the gallery and available tradeshow services, or could just be a basic “Please enter your code here”.)
Once the Exhibitor enters the correct code, they would go into the page for that show, which would be the same as previously discussed.
Pete also mentioned that the dashboard with reporting is not really necessary, unless it is little to no cost.

PROJECT TIME ESTIMATES
Time estimates spreadsheet: https://docs.google.com/spreadsheets/d/1L8k8Z1fcus7K1ucMFJac1UYyp2eI7Ds-Ws_SDa1fUnM/edit?gid=0#gid=0

ORIGINAL DRAW.IO FLOW
https://app.diagrams.net/#G1gBPdNu3g5QqxH_12buMEYf-3KQ4DBkk0#%7B%22pageId%22%3A%227TC7mXn6luR8YCdDC_FC%22%7D


OUTLINE OF PROJECT FOR PROPOSAL PURPOSES
EventRent Trade Show Functionality Summary
The Trade Show section will operate as a separate experience from the standard rental catalog. Users who enter the Trade Show area will follow trade show-specific flows rather than the general rental catalog path.
This section of the website will service two external users:

The Promoter user is the person or organization registering/requesting a trade show to be set up with EventRent. Their flow should stay simple: they submit trade show details through a request form, receive a confirmation email, and EventRent follows up directly.
The Exhibitor/Vendor is the participant in a specific trade show who needs to rent items or request services like freight, labor, power, or internet. They should be able to find their trade show, submit their rental/service request, and optionally use an account if they want to save drafts or reference past submissions.
This experience will be designed and developed for desktop users because of the length of forms and complexity of information expected to be collected and presented.
1. Promoter Flow
Promoters will be able to visit the Trade Show Home page and select an option such as Register a New Trade Show or Request a Trade Show Quote. They will complete a trade show request form with the necessary event details. Once submitted, EventRent will receive the request via email, and the promoter will receive a confirmation email.
The promoter landing page may also include supporting content such as examples of past trade shows, available trade show services, and a gallery of completed trade show setups.
Promoter flows not included
The client specifically requested that we do not build the more complex promoter account functionality, including:
Promoter registration/login requirement
Manual promoter approval process
Promoter “My Account” dashboard
Ability for promoters to view past trade show requests
Ability for promoters to view active trade shows in their account
Ability for promoters to view exhibitor/vendor activity
Promoter-level trade show management tools
The client clarified that most promoters only run one show per year and generally expect EventRent to handle the details after the initial request.
2. Exhibitor / Vendor Flow
Exhibitors will be able to browse a Trade Show List, select their specific trade show, and choose to participate.
The exhibitor experience should allow two paths:
Continue as guest
 Exhibitors can submit their trade show request without creating an account.
Use account accessible via magic link after registration
 Exhibitors may optionally verify their email and access a low-friction account experience using a magic link. This allows them to save/resume drafts and potentially reference previous submissions.
The exhibitor form will include selectable sections such as:
Items
Freight
Labor
Power
Internet, if applicable
These sections should be configurable by trade show, so EventRent can turn certain categories on or off depending on what is offered for that show.
Once submitted, the request will create a Web Request in Alert, send a confirmation email to the exhibitor, and send a separate submission notification to EventRent. Trade show submissions may route to a different internal email than standard website rental requests.
Exhibitor flows not included or reduced
The client requested that we do not require account creation for exhibitors.
The following should not be treated as required functionality:
Mandatory exhibitor registration
Mandatory login before viewing trade shows
Required “My Account” use
Complex historical exhibitor dashboard
Future change request workflow
Full vendor participant management portal
Draft/resume functionality should only be available when an exhibitor chooses to register/verify/login. Guest users will not have draft-saving capability.
3. Trade Show Product and Form Experience
The current paper/PDF form will serve as the foundation for the digital experience, but it does not need to be recreated exactly as one long form.
The item rental sections can be presented similarly to grouped products, allowing exhibitors to browse categories, view pricing, and enter quantities. Categories such as tables, seating, power, internet, freight, and labor may be broken into separate sections or steps.
Freight, storage, and handling may require more custom form logic. The digital form should allow users to enter details such as:
Type of parcel or freight
Quantity
Weight range or weight-based pricing
Dimensions
Description of items
Pre-show and post-show handling needs
Labor calculations may follow the existing paper form structure, with inputs placed into the digital version and calculations handled automatically.
4. Pricing
Each trade show may need to display both early pricing and floor pricing.
The client confirmed there is no simple percentage-based formula for calculating floor pricing from early pricing. Pricing may need to be managed as two separate values.
The site should display the pricing clearly to exhibitors. However, final price handling in Alert Rental may still require EventRent to manually override prices after the WebRequest is submitted.
The WebRequest should include line notes where possible showing the price displayed to the customer and the date/time context of the submission.
5. Payment and Credit Card Authorization
The website will not collect payment as part of this flow.
The trade show checkout/request experience should clearly state that the submission is a request/estimate and that EventRent will follow up. Credit card authorization is not expected to be built directly into this website flow at this stage.
6. Admin / EventRent Back-End Flow
EventRent will need the ability to manage trade show information from the website back end.
Expected admin functionality includes:
Add/edit trade shows
Configure which sections are available per trade show
Manage trade show details and content
Manage pricing information
View submitted trade show requests
Potentially view dashboard-style totals for reporting
The client noted that Dina and Kirsten will likely be the primary users managing the trade show content. Pete may want high-level reporting, so a lightweight dashboard or totals view may be useful.
Potential dashboard metrics may include:
Number of trade show requests per year
Number of exhibitor submissions per year
Active trade shows
Trade show activity over a specific time period
7. Admin flows not required
The client did not express a need for a complex operational dashboard.
The following should be minimized or excluded unless later confirmed:
Promoter registration lists
Vendor registration lists as a primary dashboard feature
Complex pinned trade show dashboards
Full promoter management system
Full exhibitor management system beyond viewing submissions
Advanced reporting unless specifically scoped
Scope Direction
The final scope should focus on a streamlined Trade Show section that allows:
Promoters to submit new trade show requests, exhibitors to select a trade show and submit rental/service requests, EventRent to receive those requests through Alert WebRequest, and EventRent admins to manage trade show content, available sections, pricing, and basic reporting.",,complete,event rent idaho,2026-04-30 23:39,2026-05-05 4:00,2026-05-12 11:58,,119478800,0.00,0.00
https://app.clickup.com/t/86b9tgk0z,,,,,,ARV - Arvada Rent-Alls,90147642371,Website Maintenance/Technical Issue,901415054132,"Investigate Web Request issue, remove Add to Cart button","Clients first email: We are having a bit of a hiccup with the web requests through our website.
No matter what date you choose for your rental, it always shows up as the date you are submitting the request.
Jordan: Asked for URL and screenshots for reference
client:Hello!
Attached is the screenshots and the url is just below.
checkout/order-received/1903/?key=wc_order_hkyFRAaRuEeQa&store-location=arv",,complete,arvada rent-alls,2026-05-06 7:42,2026-05-08 2:00,2026-05-07 13:25,,119478673,0.00,0.00
https://app.clickup.com/t/86b9um9kj,,,,,,TER - Tablescapes Event Rentals,90141883333,WebReservations,901414370938,"Client feedback - Staging Site testing, comments in Volley","https://app.meetvolley.com/products/15038
Shared these specific URLs 
https://tablescapestg.wpenginepowered.com/my-account/
DONE  

https://tablescapestg.wpenginepowered.com/my-account/open-invoices/ - DONE 

https://tablescapestg.wpenginepowered.com/my-account/reservations/

I think this image goes with the above URL as well - DONE 

https://tablescapestg.wpenginepowered.com/my-account/pay-invoices/?ticket%5B%5D=C_187969

https://tablescapestg.wpenginepowered.com/reservation-checkout",,complete,tablescapes event rentals,2026-05-07 15:46,2026-06-12 2:00,2026-06-17 14:23,,119480733,0.00,0.00
https://app.clickup.com/t/86b9wbjkq,,,,,,ARV - Arvada Rent-Alls,90147642371,Admin/Others,901414248347,Customer Portal - Add Off-Rent and roll into standard Customer Portal offerings for Standard version,duplicate of,,cancelled,arvada rent-alls;backend,2026-05-11 15:57,2026-06-12 4:00,2026-06-22 8:34,2026-06-22 8:35,119481069,0.00,4.00
https://app.clickup.com/t/86b9wwpg0,,,,,,ER - EventRent,90141883221,Website Content Update,901403935340,Tradeshow Experience - Exhibitor Flow,"Proposal task for reference:
Latest emails with client: 
 Thank you so much for looking into this for us!
 
I think that we will stick with hoping that everything goes smoothly and keeps us on the lower end of the quote, rather than trying to take things out and potentially adding on later.
 
The only thing that I think may be a question is the reporting. I don’t think we need any, but just so that we are making an informed decision, can you please let me know again what all reporting you had planned?
 
With this, we would love to start as soon as you finish your first half of May project!
 
Is there anything that you need from us to be able to get started?
  
Rali response:
Roger the direction and thank you for confirming.

Regarding reporting, what we briefly discussed during our call was a dashboard with summary data. This dashboard should inform how many ""transactions"" are going through this experience, the total WebRequest $ and the total contracted $. That will enable you, Pete, and any other stakeholders as needed to quickly see the business generated from this investment. Let me/us know if you would like to continue with or without this dashboard.

To stay disciplined with the time this project takes, the better information you feed us, the more efficient we can be. Start with the questions for the ""Promoter Registration"" and ""Trade Show Request"" forms you'd like users to fill out. As you map these forms, please think of the following scenarios for the questions:
What are the questions/fields you'd like answered?
If any will have a multiple choice answer, what will those options be for each question
What type of answer field do you want: 
F Name, L Name, email and phone number, and address are stardard fields, any other question you may want to add can be formatted as follows:
short text
long text
yes/no
radio button (allows only one answer to be selected from multiple options)
checkbox (allows multiple answers to be selected from multiple options)
Is there any conditional logic you expect to see?
This allows forms to show or hide follow up questions depending on the answer provided. For example, if you ask a promoter ""Have you ever worked with us before? > Yes/No,"" the answer ""No"" can trigger additional questions to open so you can gather necessary details. If the answer is ""Yes"" you can hide additional questions fields, as you would likely already have this information.
This is where most people get a little bit insecure, please let me know if you want any additional clarification on how conditional formatting works.
Who should receive the submissions on your end? (can be multiple users)
Is there a specific subject line you'd like to see for your team's or the customer's confirmation emails?
Is there any specific content for your team or for the customer's confirmation emails you'd like to see?
If you can map the forms with comments on the details as laid out above in a Word Doc, that will save us time from going back and forth on form behaviors.

As for design, the direction we will follow is:
Everything will fall into the branding of the EventRent website as we see it today.
We will develop design for the following pages:
Top navigation
Top page for Trade Show Experience
Promoter top page
Exhibitor top page
Specific Trade Show page - template > this is what all trade shows will look like
""Promoter Registration"" and ""Trade Show Request"" form pages
Long-form forms from provided PDF
Please let us know if there are any specific examples of other websites you'd like us to keep in mind before design starts
I believe this is a great start and we're excited to bring this to life. I will send an agreement for this as it is a larger project.

Dina's response: 
 Thank you so much for sending this!
 
I spoke with Pete and we will go ahead and keep in the dashboard.
 
We will work to get you the information listed below in the next few days.
 
I have also cc’d Havana here, who works our tradeshow department, so that she can help us out as well.

Ralitsa sent proposal EventRent Idaho Proposal - Trade Show Experience Website Development.pdf and noted project start earliest is mid-May.
Dina requested changes: Exhibitor access via code/link, not dropdown; removed dashboard reporting for cost.
Ralitsa proposed cost reduction by skipping formal design and removing reporting; Dina wants reporting info before deciding.
Dina confirmed keeping dashboard, will provide form details soon; Havana added to thread for trade show help.",,complete,event rent idaho,2026-05-12 11:58,,2026-07-09 13:59,,119482324,0.00,0.00
https://app.clickup.com/t/86b9x0ge0,,,,,,ARV - Arvada Rent-Alls,90147642371,Website Content Update,901415054134,Implement Customer Portal Off Rent ,"Info sent to client: We call the feature Off Rent and the documentation is featured in the SOP from steps 60 onward. 

It is a premium add-on to the standard Portal for $750. Here's what the capabilities will offer:
General flow of experience on the Customer Portal:
-Open the ticket in the portal
-Find the item
-Click ""Off-Rent""
Customer Portal dashboard confirmation of Off-Rent item
Specific in-house email notifications per location
In confirmation specify who made the change (based on Customer Portal user)

The support license for the Customer Portal will remain $950/year.",,complete,arvada rent-alls,2026-05-12 14:19,2026-06-09 2:00,2026-06-12 7:20,,119480342,4.00,4.00
https://app.clickup.com/t/86b9yptur,,,,,,TLM - Twelve Legs Marketing,90142182731,Admin/Others,901403821826,Berbank - your CurrentRMS proxy is returning 404,"Slavko, please look into this. Email from client below:

Hi Team,

Every WooCommerce quote checkout on berbank.com is showing customers a ""critical error."" I traced it from the server: your proxy at alertproxy.twelvelegsmarketing.com/currentrms/api/v1/ is returning 404 on every route. The plugin tries to JSON-decode the HTML 404 page, gets null, and fatals at twl-currentrms-web-requests/includes/woocommerce-order-webrequest.php:80. Scheduled product imports are crashing the same way since 9 May.

Orders are still being saved in WooCommerce only the CurrentRMS sync is broken. Can you restore the route (or send the new endpoint)?

Thanks,
Ben",,complete,berbank events and design,2026-05-15 5:00,2026-05-18 14:00,2026-05-19 8:14,,119479180,1.00,1.00
https://app.clickup.com/t/86b9z1rjz,,,,,,EER - Encore Events Rentals,90142340906,Website Development,901404396025,"Issue 2 - The issue for the renter name during the reservation update should be fairly simple to fix - 30 mins fix, Kendall approved","The issue for the renter name during the reservation update should be fairly simple to fix. 30m 

The second issue is that when clients are updating orders in the portal - it is changing the rented too field - seen here to ""missing name"" - which I also showed in the video above.",86b9pck16,complete,encore events rentals,2026-05-15 12:42,2026-05-19 2:00,2026-05-27 9:07,,237650402,0.50,0.50
https://app.clickup.com/t/86b9z1rg0,,,,,,EER - Encore Events Rentals,90142340906,Website Development,901404396025,"Issue 1 - 1 hr estimate, waiting on Emily to share will call order numbers with customer keys and screenshots","I need 2 examples of ""will call"" order numbers and the customer key it belongs to. 
Include screenshots of the order with the values of the Pickup and Delivery values in Alert.
I estimate this taking 1hr to fix

From EMily: 
Happy Wednesday! I wanted to share 2 things that have come up and hopefully I am sharing enough information.

For this client: 22017
-Every time they go into the portal and make updates on Will call orders - it changes the flags for delivery/pick up to Y/Y instead of No/no. 

Here is the order example and I have done a video to show what happens
- R139857
JPineda@milestoneeventsgroup.com
Recording 2026-04-29 130204 1.mp4
Recording 2026-04-29 130338.mp4",86b9pck16,complete,encore events rentals,2026-05-15 12:42,2026-05-20 2:00,2026-07-17 12:33,,237650401,1.00,1.00
https://app.clickup.com/t/86b9zw0y7,,,,,,TER - Tablescapes Event Rentals,90141883333,WebReservations,901414370938,Venue Address is blank - https://app.meetvolley.com/products/15038/notes/391678,"https://app.meetvolley.com/products/15038/notes/391678
https://tablescapestg.wpenginepowered.com/reservation-checkout/",86b9um9kj,complete,tablescapes event rentals,2026-05-18 7:20,2026-06-12 2:00,2026-06-10 7:21,,237650409,0.00,0.00
https://app.clickup.com/t/86b9zw1tc,,,,,,TER - Tablescapes Event Rentals,90141883333,WebReservations,901414370938,Closed Holiday - Please inquire - https://app.meetvolley.com/products/15038/notes/391679,"https://app.meetvolley.com/products/15038/notes/391679
https://tablescapestg.wpenginepowered.com/reservation-checkout/",86b9um9kj,complete,tablescapes event rentals,2026-05-18 7:21,2026-06-12 2:00,2026-06-15 8:05,,237650410,0.00,0.00
https://app.clickup.com/t/86b9zw2zf,,,,,,TER - Tablescapes Event Rentals,90141883333,WebReservations,901414370938,Christine just left ? - https://tablescapestg.wpenginepowered.com/reservation-checkout/,"https://tablescapestg.wpenginepowered.com/reservation-checkout/
https://app.meetvolley.com/products/15038/notes/391680",86b9um9kj,complete,tablescapes event rentals,2026-05-18 7:23,2026-06-12 2:00,2026-06-15 8:34,,237650411,0.00,0.00
https://app.clickup.com/t/86b9zw3cn,,,,,,TER - Tablescapes Event Rentals,90141883333,WebReservations,901414370938,Grey rush order - https://app.meetvolley.com/products/15038/notes/391681,https://app.meetvolley.com/products/15038/notes/391681,86b9um9kj,complete,tablescapes event rentals,2026-05-18 7:23,2026-06-12 2:00,2026-06-15 11:51,,237650412,0.00,0.00
https://app.clickup.com/t/86b9zw3rw,,,,,,TER - Tablescapes Event Rentals,90141883333,WebReservations,901414370938,New Reservation or Bid/Quote - https://app.meetvolley.com/products/15038/notes/391682,,86b9um9kj,complete,tablescapes event rentals,2026-05-18 7:24,2026-06-12 2:00,2026-06-15 13:51,,237650413,0.00,0.00
https://app.clickup.com/t/86b9zw3zx,,,,,,TER - Tablescapes Event Rentals,90141883333,WebReservations,901414370938,Can only add via catalog - https://app.meetvolley.com/products/15038/notes/391683,https://app.meetvolley.com/products/15038/notes/391683,86b9um9kj,complete,tablescapes event rentals,2026-05-18 7:25,2026-06-12 2:00,2026-06-15 13:51,,237650414,0.00,0.00
https://app.clickup.com/t/86b9zw4e7,,,,,,TER - Tablescapes Event Rentals,90141883333,WebReservations,901414370938,Screenshots from Alert - see comments - https://app.meetvolley.com/products/15038/notes/391693,"https://app.meetvolley.com/products/15038/notes/391693
The submission is creating a WebRequest, not a Reservation",86b9um9kj,complete,tablescapes event rentals,2026-05-18 7:25,2026-06-12 2:00,2026-06-15 13:52,,237650415,0.00,0.00
https://app.clickup.com/t/86b9zw4nx,,,,,,TER - Tablescapes Event Rentals,90141883333,WebReservations,901414370938,Unable to update bids - https://app.meetvolley.com/products/15038/notes/391677,"https://app.meetvolley.com/products/15038/notes/391677
https://tablescapestg.wpenginepowered.com/my-account/reservations/",86b9um9kj,complete,tablescapes event rentals,2026-05-18 7:26,2026-06-12 2:00,2026-06-17 6:20,,237650416,0.00,0.00
https://app.clickup.com/t/86b9zw4yd,,,,,,TER - Tablescapes Event Rentals,90141883333,WebReservations,901414370938,Error message - cant load reservation - https://app.meetvolley.com/products/15038/notes/391697,https://app.meetvolley.com/products/15038/notes/391697,86b9um9kj,complete,tablescapes event rentals,2026-05-18 7:26,2026-06-12 2:00,2026-06-17 6:20,,237650417,0.00,0.00
https://app.clickup.com/t/86b9zw5f5,,,,,,TER - Tablescapes Event Rentals,90141883333,WebReservations,901414370938,Res #61796 - https://app.meetvolley.com/products/15038/notes/391699,https://app.meetvolley.com/products/15038/notes/391699,86b9um9kj,complete,tablescapes event rentals,2026-05-18 7:28,2026-06-12 2:00,2026-06-17 8:36,,237650418,0.00,0.00
https://app.clickup.com/t/86ba0xbry,,,,,,ARV - Arvada Rent-Alls,90147642371,Website Content Update,901415054134,Fix Customer Portal error message in Breakdance,"Hey, Jordan!
I keep getting this error message when I’m trying to do any editing on the website today. Is there a setting or something that needs to be changed?
 

  specifically - 
https://arvadarentalls.com/sales/ as well as 
https://arvadarentalls.com/equipment-rentals
/.",,complete,arvada rent-alls,2026-05-19 12:22,2026-05-21 2:00,2026-05-22 6:53,,119479297,0.08,0.08
https://app.clickup.com/t/86ba2va1d,,,,,,AWA_BCR - Black Canyon Rentals,90147685320,Admin/Others,901414322403,Add Asterisks To All Required Fields In WR Plugin,"TASK: Go through the WebRequest Plugin and make sure all required fields (for checkout forms) include an asterisk. 
Reference chat (context, images): https://mail.google.com/mail/u/1/#chat/space/AAQAzsyTrU8/Q_bmEKCebm8",,to do,black canyon rentals,2026-05-22 12:13,2026-06-12 3:00,,,119479432,0.00,0.00
https://app.clickup.com/t/86ba4bxc4,,,,,,EER - Encore Events Rentals,90142340906,Website Content Update,901404396046,Adjust dispatch board to include new Blue color,"Hi hi -

We have added a new color to our dispatch board - ""blue"" that is like an OMG do not do anything day - and need to add it as a day that clients can not make updates to orders please - we had a client be able to make updates in the portal today. 

Can you please adjust?s",,complete,encore events rentals,2026-05-26 11:36,2026-05-28 2:00,2026-05-28 6:59,,119479682,1.50,1.50
https://app.clickup.com/t/86ba9qq24,,,,,,ARV - Arvada Rent-Alls,90147642371,Website Content Update,901415054134,Investigate and fix web request order failures so they submit,"Arvada shared that two orders from yesterday have failed to submit and after I tried manually resubmitting orders 2086 and 2087, they are still failing. I tested their API connection which said successful but this is the cause of the error. Slavko please let me know if you can help wit this otherwise we'll wait until Jeremy is back. thanks! 
https://arvadarentalls.com/wp-admin/admin.php?page=wc-orders&action=edit&id=2086
​​https://arvadarentalls.com/wp-admin/admin.php?page=wc-orders&action=edit&id=2087​",,complete,arvada rent-alls,2026-06-04 7:15,2026-06-08 2:00,2026-06-05 4:26,,119480123,0.00,0.00
https://app.clickup.com/t/86baar3n2,,,,,,IL - Illusions Rentals,90141883249,Website Maintenance / Website Technical Issues,901403967216,P&PS not removing items that are no longer in Alert,"The Illusions sales team is reporting some issues with sync, where the products that get removed from Alert are still showing up on the website. I've run sync a couple of times manually, and it still seems to be showing. Would you happen to know what the best course of action would be to debug this?

Also, on an (unrelated?) note, I notice in they product price and sync logs there are mentions of ""location 800"", ""location KLO"", ""location COR"".  However, I don't have any locations set up. Would you happen to know what's going on there? Log is pasted below:


Thank you!

[2026-06-04 00:13:42 UTC] Starting product and price sync from Alert
[2026-06-04 00:13:42 UTC] Loading rental items to database
[2026-06-04 00:14:20 UTC] Successfully retrieved 6 locations
[2026-06-04 00:14:20 UTC] Retrieving rental items for location 100
[2026-06-04 00:14:22 UTC] Successfully retrieved 2938 rental items for location 100
[2026-06-04 00:14:22 UTC] Successfully loaded 2938 rental items for location 100 into database
[2026-06-04 00:14:22 UTC] Retrieving rental items for location 500
[2026-06-04 00:14:24 UTC] Successfully retrieved 2938 rental items for location 500
[2026-06-04 00:14:24 UTC] Successfully loaded 2938 rental items for location 500 into database
[2026-06-04 00:14:24 UTC] Retrieving rental items for location 505
[2026-06-04 00:14:25 UTC] Successfully retrieved 2938 rental items for location 505
[2026-06-04 00:14:25 UTC] Successfully loaded 2938 rental items for location 505 into database
[2026-06-04 00:14:25 UTC] Retrieving rental items for location 800
[2026-06-04 00:14:27 UTC] Successfully retrieved 2938 rental items for location 800
[2026-06-04 00:14:27 UTC] Successfully loaded 2938 rental items for location 800 into database
[2026-06-04 00:14:27 UTC] Retrieving rental items for location COR
[2026-06-04 00:14:29 UTC] Successfully retrieved 2938 rental items for location COR
[2026-06-04 00:14:29 UTC] Successfully loaded 2938 rental items for location COR into database
[2026-06-04 00:14:29 UTC] Retrieving rental items for location KLO
[2026-06-04 00:14:31 UTC] Successfully retrieved 2938 rental items for location KLO
[2026-06-04 00:14:31 UTC] Successfully loaded 2938 rental items for location KLO into database
[2026-06-04 00:14:31 UTC] Finished loading rental items to database
[2026-06-04 00:14:31 UTC] Loading rental rates to database
[2026-06-04 00:14:31 UTC] Filter by status disabled, using original API without status field
[2026-06-04 00:15:31 UTC] Failed to retrieve all rental class rates: WEBREQUEST ERROR Url=https://alertproxy.twelvelegsmarketing.com/api/GetAllRentalRates;Error=Operation timed out after 60002 milliseconds with 0 bytes received;Code=28;
[2026-06-04 00:15:31 UTC] Product and price sync data load completed successfully
[2026-06-04 12:13:56 UTC] Starting product and price sync from Alert
[2026-06-04 12:13:56 UTC] Loading rental items to database
[2026-06-04 12:13:59 UTC] Successfully retrieved 6 locations
[2026-06-04 12:13:59 UTC] Retrieving rental items for location 100
[2026-06-04 12:14:02 UTC] Successfully retrieved 2938 rental items for location 100
[2026-06-04 12:14:02 UTC] Successfully loaded 2938 rental items for location 100 into database
[2026-06-04 12:14:02 UTC] Retrieving rental items for location 500
[2026-06-04 12:14:03 UTC] Successfully retrieved 2938 rental items for location 500
[2026-06-04 12:14:03 UTC] Successfully loaded 2938 rental items for location 500 into database
[2026-06-04 12:14:03 UTC] Retrieving rental items for location 505
[2026-06-04 12:14:05 UTC] Successfully retrieved 2938 rental items for location 505
[2026-06-04 12:14:05 UTC] Successfully loaded 2938 rental items for location 505 into database
[2026-06-04 12:14:05 UTC] Retrieving rental items for location 800
[2026-06-04 12:14:07 UTC] Successfully retrieved 2938 rental items for location 800
[2026-06-04 12:14:07 UTC] Successfully loaded 2938 rental items for location 800 into database
[2026-06-04 12:14:07 UTC] Retrieving rental items for location COR
[2026-06-04 12:14:08 UTC] Successfully retrieved 2938 rental items for location COR
[2026-06-04 12:14:08 UTC] Successfully loaded 2938 rental items for location COR into database
[2026-06-04 12:14:08 UTC] Retrieving rental items for location KLO
[2026-06-04 12:14:10 UTC] Successfully retrieved 2938 rental items for location KLO
[2026-06-04 12:14:10 UTC] Successfully loaded 2938 rental items for location KLO into database
[2026-06-04 12:14:10 UTC] Finished loading rental items to database
[2026-06-04 12:14:10 UTC] Loading rental rates to database
[2026-06-04 12:14:10 UTC] Filter by status disabled, using original API without status field
[2026-06-04 12:14:34 UTC] Successfully retrieved 10299 rental class rates
[2026-06-04 12:14:34 UTC] Loaded 10299 rental class rates into database
[2026-06-04 12:14:34 UTC] Product and price sync data load completed successfully

Jeremy, Rali,

I'm continuing to try and wrap my head around the situation regarding Alert sync.
Items that have been removed from Alert are still showing up on the website.

I've spoken to IT to see if there were any blocks on our end and things appear to be ok. I noticed that exporting alert products on from the WebRequest plugin shows Status of ""??"" on all products.

Could that be part of the issue?
WebRequests isn't pulling the status so it doesn't delete products? 

I'm feeling a little lost regarding this issue and would love a response, even if it's to say that it's not something that you can help with.",,on hold,illusions rentals,2026-06-05 16:33,2026-06-08 4:00,,,119480253,0.00,0.00
https://app.clickup.com/t/86back0u6,,,,,,TER - Tablescapes Event Rentals,90141883333,WebReservations,901414370938,Remove Alert category from catalog - https://app.meetvolley.com/products/15038/notes/391342,,86b9um9kj,complete,tablescapes event rentals,2026-06-10 7:26,2026-06-12 2:00,2026-06-17 8:07,,237650851,0.00,0.00
https://app.clickup.com/t/86bacr0cy,,,,,,TER - Tablescapes Event Rentals,90141883333,Website Development,901404639131,Review and resolve reported Customer Portal issue,"Hey jeremy, here is a task for this new email from Christine, I forwarded the thread your way for reference. Can you please review and advise a fix on this? They have 2 support hrs for this month 


Hi!
Something is weird with their customer portal.
Cust #10117
Nothing showing after January and all the amounts are rounding under Closed Invoices. Screenshots below from website & Alert.

account/closed-invoices/








From: Michele Kulovic <michele.kulovic@tablescapes.com>
Sent: Wednesday, June 10, 2026 11:35 AM
To: Tablescapes Accounting <accounting@tablescapes.com>
Subject: Wild Asparagus
 
Hi Christine,

They had a question about their outstanding balance. Not sure how to help.

can you please send me a detailed list of past invoices we owe Tablescapes? I see our outstanding balance in the portal but not any open tickets or closed invoices that line up with the amounts. 


Thank you for your help!",,complete,tablescapes event rentals,2026-06-10 10:57,2026-06-12 2:00,2026-06-22 7:00,,119481031,1.00,1.00
https://app.clickup.com/t/86badgdxy,,,,,,IL - Illusions Rentals,90141883249,Website Development,901403203366,Customer Portal gives 404,"https://www.illusionsrentals.com/wp-admin/users.php?role=customer

When you Switch To any user > Click on any of the link on the left hand side or from the central window:



Get 404 for all links:",,complete,illusions rentals,2026-06-11 13:54,2026-06-14 4:00,2026-06-11 14:44,,119480323,0.00,0.00
https://app.clickup.com/t/86baf5fa5,,,,,,EER - Encore Events Rentals,90142340906,Admin/Others,901403926238,Define the URLs to track the flow (page views) for each experience WebRequest and WebReservations,,,to do,encore events rentals,2026-06-15 16:18,2026-06-19 4:00,,,119480554,0.00,0.00
https://app.clickup.com/t/86bafyrxv,,,,,,Après Event Décor & Tent Rental,90144429992,Volatile <> WP - Website Migration,901413507831,"Investigate and fix reported WooComm Express issues, configure image captions on front end in BD","Hey team got this feedback from the client...

 A couple of additional questions that we came up with this afternoon:
 
 We tried to save our category product order again (just the first 6), tested it on the front end, and it showed up (see below).  And again, it already is in a different order on the front end. (screenshot 1 and 2 is what they saved after our call, screenshot 3 was shortly after so the changes arent saving. 

 

This may be related… I also noticed that when we added a second category to 6 of our service plates (currently found in the category China), they were no longer a part of that category today. We went in after our call and added Charger Plates as a second category again (through WooCommerce Express). However, part of the reason 1’s order changed is because I can now see that they are no longer in Charger Plate category. These changes are not “sticking…”
https://aprespartydev.wpenginepowered.com/wp-admin/admin.php?page=twl-woo-admin-app&category=42


Which leads us to wonder – when we assigned the categories here, they’re not assigned to more than one category, but I don’t see a way to do that from here… but as you see with Aisle Runner, where we wanted it in two categories: Décor and Linen…not sure if that is the right way to do that?
https://aprespartydev.wpenginepowered.com/wp-admin/admin.php?page=product-price-sync-options




Photography credit on product gallery images… Emily tried adding a caption to an image when adding to the product gallery, however, it did not appear on the front end. Please look at Bronze Starburst Charger Plate. Emily tried to add a caption to this image, circled in red…
 From me: The client wants to make the image meta data in the caption reflect on the front end. According to chat GPT , some website builders allow you to configure it to show captions, can anyone confirm if Breakdance allows that?",,complete,apres event decor & tent rental,2026-06-17 7:19,2026-06-19 2:00,2026-06-19 7:33,,119480962,0.00,0.00
https://app.clickup.com/t/86bafyuqf,,,,,,Après Event Décor & Tent Rental,90144429992,Volatile <> WP - Website Migration,901413507831,Product reordering not sticking in WooComm Express Editor,"see spaces for reference images: 

1. We tried to save our category product order again (just the first 6), tested it on the front end, and it showed up (see below).  And again, it already is in a different order on the front end. (screenshot 1 and 2 is what they saved after our call, screenshot 3 was shortly after so the changes arent saving. 
https://aprespartydev.wpenginepowered.com/rental-category/charger-plates/",86bafyrxv,complete,apres event decor & tent rental,2026-06-17 7:23,2026-06-19 2:00,2026-06-19 6:58,,237650992,0.00,0.00
https://app.clickup.com/t/86bafyv6e,,,,,,Après Event Décor & Tent Rental,90144429992,Volatile <> WP - Website Migration,901413507831,"Cant add second category, automatically removes, maybe P&PS related","See for image references: 

2. This may be related… I also noticed that when we added a second category to 6 of our service plates (currently found in the category China), they were no longer a part of that category today.  We went in after our call and added Charger Plates as a second category again (through WooCommerce Express).  However, part of the reason 1’s order changed is because I can now see that they are no longer in Charger Plate category.  These changes are not “sticking…” (screenshot 4 & 5) 

Which leads us to wonder – when we assigned the categories here, they’re not assigned to more than one category, but I don’t see a way to do that from here… but as you see with Aisle Runner, where we wanted it in two categories: Décor and Linen…not sure if that is the right way to do that? (screenshot 6)",86bafyrxv,complete,apres event decor & tent rental,2026-06-17 7:24,2026-06-19 2:00,2026-06-19 6:58,,237650993,0.00,0.00
https://app.clickup.com/t/86baga51f,,,,,,TER - Tablescapes Event Rentals,90141883333,WebReservations,901414370938,Outstanding fixes after final call,"Hey jeremy, here are little oustanding items from the call notes 
https://docs.google.com/document/d/1nPxS9ftqaTlxbMi0zPLnUEAGazjKE8xXWkXtfIYBFdo/edit?tab=t.y2y0bz3toi09
Plus milestones sheet to help you keep track of the rest 
https://docs.google.com/spreadsheets/d/1zwKhubAjx_Qg1WopCRXn7ui9k1t5imkbYwacsqLTabQ/edit?gid=0#gid=0
https://tablescapestg.wpenginepowered.com/wp-admin/",,complete,tablescapes event rentals,2026-06-17 14:24,2026-06-22 2:00,2026-06-23 15:56,,119481296,0.00,0.00
https://app.clickup.com/t/86baga583,,,,,,TER - Tablescapes Event Rentals,90141883333,WebReservations,901414370938,"- Sort orders by date, next one first and later ones last",,86baga51f,complete,tablescapes event rentals,2026-06-17 14:24,2026-06-19 2:00,2026-06-23 15:56,,237651002,0.00,0.00
https://app.clickup.com/t/86baga5a0,,,,,,TER - Tablescapes Event Rentals,90141883333,WebReservations,901414370938,- Disable the ability for cash customer to create new reservations,,86baga51f,complete,tablescapes event rentals,2026-06-17 14:24,2026-06-19 2:00,2026-06-23 15:56,,237651003,0.00,0.00
https://app.clickup.com/t/86baga5cv,,,,,,TER - Tablescapes Event Rentals,90141883333,WebReservations,901414370938,- Implement a button for cash customers to initiate a Web Request in cash accounts,,86baga51f,complete,tablescapes event rentals,2026-06-17 14:25,2026-06-19 2:00,2026-06-23 15:56,,237651004,0.00,0.00
https://app.clickup.com/t/86baga5g7,,,,,,TER - Tablescapes Event Rentals,90141883333,WebReservations,901414370938,- Implement a Copy button to make a copy of orders,,86baga51f,complete,tablescapes event rentals,2026-06-17 14:25,2026-06-19 2:00,2026-06-23 15:56,,237651005,0.00,0.00
https://app.clickup.com/t/86baga5ja,,,,,,TER - Tablescapes Event Rentals,90141883333,WebReservations,901414370938,- Remove the final payment screen for cash customers,This new volley comment relates to this: i think,86baga51f,complete,tablescapes event rentals,2026-06-17 14:25,2026-06-19 2:00,2026-06-23 15:56,,237651006,0.00,0.00
https://app.clickup.com/t/86baga5pr,,,,,,TER - Tablescapes Event Rentals,90141883333,WebReservations,901414370938,- Add rush order block on dates to prevent users from selecting unavailable dates,,86baga51f,complete,tablescapes event rentals,2026-06-17 14:25,2026-06-19 2:00,2026-06-23 15:56,,237651007,0.00,0.00
https://app.clickup.com/t/86baga5ry,,,,,,TER - Tablescapes Event Rentals,90141883333,WebReservations,901414370938,- Update search feature to exclude delivery items from search results,,86baga51f,complete,tablescapes event rentals,2026-06-17 14:25,2026-06-19 2:00,2026-06-23 15:56,,237651008,0.00,0.00
https://app.clickup.com/t/86bagjym1,,,,,,TER - Tablescapes Event Rentals,90141883333,WebReservations,901414370938,They should not be able to change/remove delivery charge - https://app.meetvolley.com/products/15038/notes/396402,,86baga51f,complete,tablescapes event rentals,2026-06-18 7:08,2026-06-22 2:00,2026-06-23 15:56,,237651028,0.00,0.00
https://app.clickup.com/t/86bagjyrc,,,,,,TER - Tablescapes Event Rentals,90141883333,WebReservations,901414370938,Search products not working - https://app.meetvolley.com/products/15038/notes/396403,,86baga51f,complete,tablescapes event rentals,2026-06-18 7:09,2026-06-22 2:00,2026-06-23 15:56,,237651029,0.00,0.00
https://app.clickup.com/t/86bagjyyk,,,,,,TER - Tablescapes Event Rentals,90141883333,WebReservations,901414370938,"Note says ""Call for pricing"" should be $0 - https://app.meetvolley.com/products/15038/notes/396405",,86baga51f,complete,tablescapes event rentals,2026-06-18 7:09,2026-06-22 2:00,2026-06-23 15:56,,237651030,0.00,0.00
https://app.clickup.com/t/86bagjyzf,,,,,,TER - Tablescapes Event Rentals,90141883333,WebReservations,901414370938,"After submit, received a different payment page. Skip this step. - https://app.meetvolley.com/products/15038/notes/396406",,86baga51f,complete,tablescapes event rentals,2026-06-18 7:10,2026-06-22 2:00,2026-06-23 15:56,,237651031,0.00,0.00
https://app.clickup.com/t/86bagjz0r,,,,,,TER - Tablescapes Event Rentals,90141883333,WebReservations,901414370938,"Clicking submit here, will not allow me to pass this step. - https://app.meetvolley.com/products/15038/notes/396407",,86baga51f,complete,tablescapes event rentals,2026-06-18 7:10,2026-06-22 2:00,2026-06-23 15:56,,237651032,0.00,0.00
https://app.clickup.com/t/86bagjz1v,,,,,,TER - Tablescapes Event Rentals,90141883333,WebReservations,901414370938,Not showing address when I pick a venue - https://app.meetvolley.com/products/15038/notes/396408,,86baga51f,complete,tablescapes event rentals,2026-06-18 7:10,2026-06-22 2:00,2026-06-23 15:56,,237651033,0.00,0.00
https://app.clickup.com/t/86bagjz3x,,,,,,TER - Tablescapes Event Rentals,90141883333,WebReservations,901414370938,Getting a red circle with line through it on Search products. Typed ENO and said no products found. - https://app.meetvolley.com/products/15038/notes/396409,,86baga51f,complete,tablescapes event rentals,2026-06-18 7:10,2026-06-22 2:00,2026-06-23 15:56,,237651034,0.00,0.00
https://app.clickup.com/t/86bagjz5f,,,,,,TER - Tablescapes Event Rentals,90141883333,WebReservations,901414370938,"Remove Name on card, card number, etc messaging at the top - https://app.meetvolley.com/products/15038/notes/396410",,86baga51f,complete,tablescapes event rentals,2026-06-18 7:10,2026-06-22 2:00,2026-06-23 15:56,,237651035,0.00,0.00
https://app.clickup.com/t/86bagjz6v,,,,,,TER - Tablescapes Event Rentals,90141883333,WebReservations,901414370938,Copy sent to victor - nothing received in rentals@ - https://app.meetvolley.com/products/15038/notes/396411,"Also shared second screenshot, Checked Alert - Res #63323 No items or Job info came through",86baga51f,complete,tablescapes event rentals,2026-06-18 7:11,2026-06-22 2:00,2026-06-23 15:56,,237651036,0.00,0.00
https://app.clickup.com/t/86bagw5t8,,,,,,ER - EventRent,90141883221,Website Content Update,901403935340,Disable Visibility Feature: Disable the global catalog visibility feature to stop automatic overrides of product display settings. Enable individual product visibility management as requested by the client.,"Hey jeremy, as mentioned on the call, a task for when you can get around to this

[Jeremy Simmons] Disable Visibility Feature: Disable the global catalog visibility feature to stop automatic overrides of product display settings. Enable individual product visibility management as requested by the client. 

Disabling Global Catalog Visibility Behavior: Jeremy Simmons and Dina Buckalew agreed to disable the global plugin behavior that forces children of grouped products to follow specific visibility rules (00:22:04) (00:26:31). By opting out of this automated behavior, Dina Buckalew will be able to manage catalog visibility manually as desired without needing further overrides (00:22:53) (00:26:31).",,complete,event rent idaho,2026-06-18 14:29,2026-06-22 2:00,2026-06-19 9:12,,119480966,0.00,0.00
https://app.clickup.com/t/86bahax5d,,,,,,TER - Tablescapes Event Rentals,90141883333,WebReservations,901414370938,Missed comment related to skip payment step: https://app.meetvolley.com/products/15038/notes/396406,"Hey Jeremy, turns out there were two of these identical comments and Imissed it so my bad, adding it here
https://app.meetvolley.com/products/15038/notes/396406

Let me know if the same fix you made here also applies and I will notify Christine Monday morning, dont have to bother. thanks!
https://app.meetvolley.com/products/15038/notes/396404",86baga51f,complete,tablescapes event rentals,2026-06-19 15:29,2026-06-23 2:00,2026-06-23 15:56,,237651129,0.00,0.00
https://app.clickup.com/t/86bahwj88,,,,,,TER - Tablescapes Event Rentals,90141883333,WebReservations,901414370938,New error message: Failed to generate output. Unable to update any bid or res.,"https://app.meetvolley.com/products/15038/notes/396662 - Same for AR cust #1965
https://tablescapestg.wpenginepowered.com/reservation-checkout/",86baga51f,complete,tablescapes event rentals,2026-06-22 8:01,2026-06-23 2:00,2026-06-22 8:46,,237651133,0.00,0.00
https://app.clickup.com/t/86bahxavj,,,,,,TER - Tablescapes Event Rentals,90141883333,WebReservations,901414370938,"This is new ""Will call pickup at Unknown Location"" https://app.meetvolley.com/products/15038/notes/396743",,86baga51f,complete,tablescapes event rentals,2026-06-22 8:33,2026-06-23 2:00,2026-06-22 8:47,,237651136,0.00,0.00
https://app.clickup.com/t/86baah288,,,,,,ER - EventRent,90141883221,Website Content Update,901403935340,Tradeshow Experience - Promoter Landing & Quote,"https://www.figma.com/design/8PTAsES1B0CXy6t2u7YM95/EventRent-Tradeshow?node-id=0-1&p=f&t=dIEBr2WksP3d6kHK-0
https://docs.google.com/document/d/18f5NuZJOKced5OmrL4RwfcokBkecQ4hancnFLFIBYpw/edit?tab=t.0",,complete,event rent idaho,2026-06-05 11:22,,2026-07-09 13:59,,119482325,0.00,0.00
https://app.clickup.com/t/86baah2rf,,,,,,ER - EventRent,90141883221,Website Content Update,901403935340,Main promoter landing page,,86baah288,internal review,event rent idaho,2026-06-05 11:23,,,,237650812,0.00,0.00
https://app.clickup.com/t/86baah30r,,,,,,ER - EventRent,90141883221,Website Content Update,901403935340,Step 1,,86baah288,internal review,event rent idaho,2026-06-05 11:23,,,,237650813,0.00,0.00
https://app.clickup.com/t/86baah31d,,,,,,ER - EventRent,90141883221,Website Content Update,901403935340,Step 2,,86baah288,internal review,event rent idaho,2026-06-05 11:23,,,,237650814,0.00,0.00
https://app.clickup.com/t/86baah320,,,,,,ER - EventRent,90141883221,Website Content Update,901403935340,Step 3,,86baah288,internal review,event rent idaho,2026-06-05 11:23,,,,237650815,0.00,0.00
https://app.clickup.com/t/86baah32d,,,,,,ER - EventRent,90141883221,Website Content Update,901403935340,Step 4,,86baah288,internal review,event rent idaho,2026-06-05 11:23,,,,237650816,0.00,0.00
https://app.clickup.com/t/86baah351,,,,,,ER - EventRent,90141883221,Website Content Update,901403935340,Summary,,86baah288,internal review,event rent idaho,2026-06-05 11:23,,,,237650817,0.00,0.00
https://app.clickup.com/t/86baah35j,,,,,,ER - EventRent,90141883221,Website Content Update,901403935340,Confirmation,,86baah288,internal review,event rent idaho,2026-06-05 11:24,,,,237650818,0.00,0.00
https://app.clickup.com/t/86baewmkc,,,,,,EP Event Rentals,90149672203,Website Launch/Publishing,901417288956,If client does not have WebRequest Plus - Clean Up Proxy,"Please confirm with account lead if client does or does not have WebRequest Plus.

If client has not signed up for WebRequest Plus, but Product & Price sync was used for uploading products to the new website, please assign to Jeremy to clean up the alertproxy.",,complete,backend;ep event rentals,2026-06-15 10:40,2026-06-22 14:00,2026-06-27 0:52,,119481693,0.00,0.00
https://app.clickup.com/t/86bakhgu6,,,,,,EP Event Rentals,90149672203,WP <> WP - Website Migration & Build,901416783961,Update Linens Category Page to display filters clearly,"https://egpres.wpenginepowered.com/rental-products/linens/
From the client:  
This looks good – however when I filter for example white linen – white linens do not even show up.
Linens….On the left when you select color, size, type, and fabric. Can we just get rid of size? Because when you select the item, it have the attribute options!",,complete,ep event rentals,2026-06-25 3:17,2026-06-30 20:00,2026-07-10 3:08,,119482339,0.50,0.50
https://app.clickup.com/t/86ban6xrn,,,,,,TER - Tablescapes Event Rentals,90141883333,Website Development,901404639131,Resolve clients reported customer portal issue,,,complete,,2026-06-29 8:39,2026-07-01 2:00,2026-07-06 7:30,,119482178,0.00,0.00
https://app.clickup.com/t/86banbn6j,,,,,,TER - Tablescapes Event Rentals,90141883333,Website Content Update,901403203471,Update Velvet and Soiree Images and Product Info - pull data and share with Christine first,"New linen product info: 
New linen images:",,complete,tablescapes event rentals,2026-06-29 11:16,2026-06-30 2:00,2026-07-06 7:26,,119482177,1.00,1.00
https://app.clickup.com/t/86banbptv,,,,,,TER - Tablescapes Event Rentals,90141883333,Website Content Update,901403203471,Update meta name from Archive to something better or remove Archive,"From last Tuesdays call: Web Page Metadata and Naming: Christine Roberts requested a fix for page titles that incorrectly include the word ""Archives"" (e.g., ""Suare Archives""), which also appears in link metadata (00:45:52). Jeremy Simmons agreed to update these titles to be more user-friendly (00:46:52).",,complete,tablescapes event rentals,2026-06-29 11:19,2026-07-01 2:00,2026-06-30 7:04,,119481772,0.00,0.00
https://app.clickup.com/t/86banyuyg,,,,,,AWA_BCR - Black Canyon Rentals,90147685320,Admin/Others,901414322403,Product Single Template prices for Sales Class ,"Products that are ""Sales Class"" are showing
heading of ""Rental Items"" (should be dynamic, Rental Rates vs Sales Rates)
show price, not ""call for price""

Original Request
https://chat.google.com/room/AAQAzsyTrU8/qgsk9CWvezY/qgsk9CWvezY?cls=10
When you open a Sales Class item product page, right under the product name it says ""Rental Rates"" that does not apply to a sales item
When you add the item to the cart it displays the price that should not be the case as we are not showing sales prices... or are we (I.e. ""Call For Pricing"")?",,complete,black canyon rentals,2026-06-30 7:29,,2026-06-30 7:35,,119481779,0.33,0.33
https://app.clickup.com/t/86bapbxzt,,,,,,TER - Tablescapes Event Rentals,90141883333,WebReservations,901414370938,WebReservations Feedback from Christine,"See email thread for reference
Here are the URLs she didnt share:",,complete,tablescapes event rentals,2026-06-30 15:16,2026-07-02 2:00,2026-07-01 7:54,,119481947,0.00,0.50
https://app.clickup.com/t/86bapd3pn,,,,,,AWA_BCR - Black Canyon Rentals,90147685320,Admin/Others,901414322403,Add Customer Portal > Pay Invoices as bulk edit option,"TASK: Update Customer Portal (WP) to allow bulk edits of the ""Pay Invoice"" option.  



Right now, you can only update a user to allow them to pay an invoice (via the ""Pay Invoice"" checkbox in Customer Portal) one user at a time. Please update so this can be done at scale. 
Task is assigned for BC / VIK, though it would apply to all clients.",,complete,black canyon rentals;viking rentals,2026-06-30 16:21,2026-07-03 3:00,2026-07-01 10:01,,119481962,2.00,2.00
https://app.clickup.com/t/86barqg4p,,,,,,SRS - Service Rentals and Supplies,90142362564,Website Content Update,901406992304,Checkout API Update/Documentation,"Rysan/Vitaly want to understand how to use the Delivery_PO (po_number) and Request_Comment (Project_Notes) fields
Add missing fields and send documentation on api to vitaly",,complete,service rentals and supplies,2026-07-06 7:30,2026-07-06 3:00,2026-07-06 7:31,,119482182,1.00,1.00
https://app.clickup.com/t/86barwe4x,,,,,,TER - Tablescapes Event Rentals,90141883333,Website Development,901404639131,Install Woo Commerce Express Editor to new dev site,,,complete,tablescapes event rentals,2026-07-06 10:26,2026-07-08 2:00,2026-07-06 12:02,,119482214,0.00,0.00
https://app.clickup.com/t/86barrpuz,,,,,,ARV - Arvada Rent-Alls,90147642371,Website Maintenance/Technical Issue,901415054132,Backup PHP mailer connection failure,https://arvadarentalls.com/wp-admin/admin.php?page=wp-mail-smtp,,complete,arvada rent-alls;customer-portal,2026-07-06 8:18,2026-07-08 2:00,2026-07-06 15:54,,119482220,0.00,0.00
https://app.clickup.com/t/86bat7amz,,,,,,TER - Tablescapes Event Rentals,90141883333,Website Content Update,901403203471,New batch of Linen updates - review and confirm if 2 hrs is still accurate first since there are a lot more colors ,"Previous task for reference: 
New linen colors and sizes 
New linen images: 
All current data sheet",,complete,tablescapes event rentals,2026-07-06 15:53,2026-07-17 2:00,2026-07-17 7:24,,237651920,0.00,0.00
https://app.clickup.com/t/86bavbbhd,,,,,,ER - EventRent,90141883221,Website Content Update,901403935340,Give Dina & team Shop Manager plus permissions,"Allow them to access P&PS settings, WR settings and create, add or edit shop manager users",,complete,event rent idaho,2026-07-09 13:57,2026-07-13 2:00,2026-07-10 9:40,,119482382,0.00,0.00
https://app.clickup.com/t/86bavbdup,,,,,,ER - EventRent,90141883221,Website Content Update,901403935340,Updates from Tradeshow call + client feedback,"To update:
Remove SKU form front-end
Order Form - styling in PDF
email confirmation - change from Product ID to SKU
Vendor form submission - do not include INCLUDED items in WebRequest submission > those are on the Promoter ticket
Add Sales Items SKUs for labor, etc. when we get those for, Dina >> Or Dina can add if we point her and her team to where
Add notes fields in the delivery notes > visible
Show early bird AND regular price on front-end during early bird timing
Do not lock price editing on the backend after a Tradeshow is published
Update Tradeshow Experience header and nav menu to include Tradeshow",,client review,event rent idaho,2026-07-09 13:59,2026-07-21 2:00,,,237651819,0.00,0.00
https://app.clickup.com/t/86bavbe8j,,,,,,ER - EventRent,90141883221,Website Content Update,901403935340,Remove SKU from front-end,,86bavbdup,complete,event rent idaho,2026-07-09 13:59,2026-07-13 2:00,2026-07-10 6:50,,237651495,0.00,0.00
https://app.clickup.com/t/86bavbegg,,,,,,ER - EventRent,90141883221,Website Content Update,901403935340,Order Form - styling in PDF,,86bavbdup,complete,event rent idaho,2026-07-09 14:00,2026-07-13 2:00,2026-07-12 22:28,,237651496,0.00,0.00
https://app.clickup.com/t/86bavbenq,,,,,,ER - EventRent,90141883221,Website Content Update,901403935340,email confirmation - change from Product ID to SKU,,86bavbdup,complete,event rent idaho,2026-07-09 14:00,2026-07-13 2:00,2026-07-10 7:04,,237651497,0.00,0.00
https://app.clickup.com/t/86bavbf0h,,,,,,ER - EventRent,90141883221,Website Content Update,901403935340,Vendor form submission - do not include INCLUDED items in WebRequest submission > those are on the Promoter ticket,,86bavbdup,complete,event rent idaho,2026-07-09 14:00,2026-07-13 2:00,2026-07-10 7:17,,237651498,0.00,0.00
https://app.clickup.com/t/86bavbfbw,,,,,,ER - EventRent,90141883221,Website Content Update,901403935340,"Add Sales Items SKUs for labor, etc. when we get those from Dina >> Or Dina can add if we point her and her to where","Labor 3100
Freight",86bavbdup,complete,event rent idaho,2026-07-09 14:00,2026-07-13 2:00,2026-07-10 7:42,,237651499,0.00,0.00
https://app.clickup.com/t/86bavbfu2,,,,,,ER - EventRent,90141883221,Website Content Update,901403935340,Tradeshow Quote: Add notes fields in the delivery notes,,86bavbdup,complete,event rent idaho,2026-07-09 14:00,2026-07-13 2:00,2026-07-10 7:41,,237651500,0.00,0.00
https://app.clickup.com/t/86bavd99h,,,,,,ER - EventRent,90141883221,Website Content Update,901403935340,Tradeshow Quote: Show early bird AND regular price before early bird cutoff window,,86bavbdup,complete,event rent idaho,2026-07-09 14:52,2026-07-13 2:00,2026-07-10 8:32,,237651501,0.00,0.00
https://app.clickup.com/t/86bavd9d2,,,,,,ER - EventRent,90141883221,Website Content Update,901403935340,Tradeshow Admin Edit: Do not lock editing on the backend after a Tradeshow Quote exists that references Tradeshow,,86bavbdup,complete,event rent idaho,2026-07-09 14:52,2026-07-13 2:00,2026-07-10 8:53,,237651502,0.00,0.00
https://app.clickup.com/t/86bavd9he,,,,,,ER - EventRent,90141883221,Website Content Update,901403935340,"Update Tradeshow pages to use ""Tradeshow"" header and footer",,86bavbdup,complete,event rent idaho,2026-07-09 14:52,2026-07-13 2:00,2026-07-12 22:28,,237651503,0.00,0.00
https://app.clickup.com/t/86bauj89e,,,,,,SRS - Service Rentals and Supplies,90142362564,Website Content Update,901406992304,Investigate and fix linked related product not showing on frontend,"I got a question from the client and Im not sure if its P&PS / WR related or not. It has to do with a related product that is linked in the backend and not showing on the front end. This product  has 1 product linked in cross sells and 1 linked in related products however only the product linked in cross sells is reflected on the front end. Any ideas why? Let me know who wants to take it on and I'll make a task for ya! 

This is the URL of 1828, the linked related product that is not showing:",,complete,service rentals and supplies,2026-07-08 12:11,2026-07-10 2:00,2026-07-10 9:07,,119482381,0.00,0.00
https://app.clickup.com/t/86bawujtk,,,,,,TER - Tablescapes Event Rentals,90141883333,Website Development,901404639131,New WebRes Feedback from Christine,"Hey jeremy, sharing two threads I received from Christine over the weekend. Instead of using Volley she just left notes and a screenshot so let me know if you need more info to complete any.

I reminded her to please use this VOlley project to make your life a whole lot easier",,update required,tablescapes event rentals,2026-07-13 6:55,2026-07-20 2:00,,,237651533,0.00,0.00
https://app.clickup.com/t/86bawukmm,,,,,,TER - Tablescapes Event Rentals,90141883333,Website Development,901404639131,Items are moved on the order Rev #7,,86bawujtk,planning,tablescapes event rentals,2026-07-13 6:56,2026-07-15 2:00,,,237651510,0.00,0.00
https://app.clickup.com/t/86bawuky0,,,,,,TER - Tablescapes Event Rentals,90141883333,Website Development,901404639131,Rev #8 (Items are moved on the order Rev #7 part 2),,86bawujtk,planning,tablescapes event rentals,2026-07-13 6:57,2026-07-15 2:00,,,237651511,0.00,0.00
https://app.clickup.com/t/86bawum5p,,,,,,TER - Tablescapes Event Rentals,90141883333,Website Development,901404639131,"When I load a ticket, then get out (no changes) there is no option to cancel/discard and the items stay in the cart:",,86bawujtk,complete,tablescapes event rentals,2026-07-13 6:57,2026-07-15 2:00,2026-07-14 8:57,,237651512,0.00,0.00
https://app.clickup.com/t/86bawuman,,,,,,TER - Tablescapes Event Rentals,90141883333,Website Development,901404639131,"Customer #1965 Res #61796 Message at top ""Cart Development Commands""",,86bawujtk,complete,tablescapes event rentals,2026-07-13 6:58,2026-07-15 2:00,2026-07-13 8:25,,237651513,0.00,0.00
https://app.clickup.com/t/86bawumf1,,,,,,TER - Tablescapes Event Rentals,90141883333,Website Development,901404639131,Items missing from order - only showing black seat cover (order has chair as well):,,86bawujtk,complete,tablescapes event rentals,2026-07-13 6:58,2026-07-15 2:00,2026-07-13 9:37,,237651514,0.00,0.00
https://app.clickup.com/t/86bawumju,,,,,,TER - Tablescapes Event Rentals,90141883333,Website Development,901404639131,"Search ""chiav"" is only pulling up 5 chairs:",,86bawujtk,complete,tablescapes event rentals,2026-07-13 6:58,2026-07-15 2:00,2026-07-13 9:01,,237651515,0.00,0.00
https://app.clickup.com/t/86bawumrq,,,,,,TER - Tablescapes Event Rentals,90141883333,Website Development,901404639131,"Search ""chair"" shows the sales items Set / Strike:",,86bawujtk,complete,tablescapes event rentals,2026-07-13 6:59,2026-07-15 2:00,2026-07-13 9:11,,237651516,0.00,0.00
https://app.clickup.com/t/86bawumvm,,,,,,TER - Tablescapes Event Rentals,90141883333,Website Development,901404639131,Tried to search for a chair by RC # - no products found:,,86bawujtk,complete,tablescapes event rentals,2026-07-13 6:59,2026-07-15 2:00,2026-07-13 9:21,,237651517,0.00,0.00
https://app.clickup.com/t/86bawun0w,,,,,,TER - Tablescapes Event Rentals,90141883333,Website Development,901404639131,Date change did not save:,,86bawujtk,complete,tablescapes event rentals,2026-07-13 7:00,2026-07-15 2:00,2026-07-13 9:46,,237651518,0.00,0.00
https://app.clickup.com/t/86bawungu,,,,,,TER - Tablescapes Event Rentals,90141883333,Website Development,901404639131,"Cash Customer #2887 Bid #83922 Click submit, then brings you to this page:",,86bawujtk,complete,tablescapes event rentals,2026-07-13 7:00,2026-07-15 2:00,2026-07-13 9:55,,237651519,0.00,0.00
https://app.clickup.com/t/86bawunqr,,,,,,TER - Tablescapes Event Rentals,90141883333,Website Development,901404639131,Same message on AR customer #1965:,,86bawujtk,complete,tablescapes event rentals,2026-07-13 7:01,2026-07-15 2:00,2026-07-13 9:55,,237651520,0.00,0.00
https://app.clickup.com/t/86bawup28,,,,,,TER - Tablescapes Event Rentals,90141883333,Website Development,901404639131,"Web notes - pack qty, worked for plates but not chair and seat cover","On this one, I only changed the mug and b&b plate. It forced all other plates to pack qty of 5. I'm ok with it (it will be more of an education for sales and clients). 

But when I made a change on this one, it did not force the pack qty on the forks.",86bawujtk,complete,tablescapes event rentals,2026-07-13 7:01,2026-07-15 2:00,2026-07-13 10:00,,237651521,0.00,0.00
https://app.clickup.com/t/86bax7hbe,,,,,,Après Event Décor & Tent Rental,90144429992,Volatile <> WP - Website Migration,901413507831,publish all draft products for client,"Spaces for reference: 
https://aprespartydev.wpenginepowered.com/",,complete,apres event decor & tent rental,2026-07-13 15:39,2026-07-15 2:00,2026-07-13 16:00,,237651546,0.50,0.50
https://app.clickup.com/t/86baxff2w,,,,,,TER - Tablescapes Event Rentals,90141883333,Website Development,901404639131,Make it so user can't delete P&H fee from cart,Is this only because Christine has special controls?,86bawujtk,update required,tablescapes event rentals,2026-07-14 7:26,2026-07-17 2:00,,,237651531,0.00,0.00
https://app.clickup.com/t/86baydtg9,,,,,,ER - EventRent,90141883221,Website Content Update,901403935340,Restore order info in WooComm dashboard,"Hey jeremy, Dina emailed saying some of the data stopped passing in their dashboard as of July 10th. Can you add it back in for them, at least for new orders if you can't restore? I checked and confirmed it's still int he export so they can download the sheet and check the data if needed. 

 As I am showing Havana around the back end of the website, it looks like our order information seems to have stopped coming through to the website. Can you please look into this?
 
Here is one example that is in Alert, but not showing information on the website.",,complete,,2026-07-15 14:18,2026-07-17 2:00,2026-07-15 18:09,,237651650,0.25,0.25
https://app.clickup.com/t/86baydww3,,,,,,ER - EventRent,90141883221,Website Content Update,901403935340,Investigate issue with client unable to move through promoter quote,"I asked Dina to confirm where she is getting stuck, page 1 to page 2 or at the end when trying to submit, will keep you posted",86bavbdup,complete,event rent idaho,2026-07-15 14:23,2026-07-17 2:00,2026-07-16 10:10,,237651560,0.00,0.00
https://app.clickup.com/t/86baydyrx,,,,,,ER - EventRent,90141883221,Website Content Update,901403935340,"Restore demo tradeshow for client to build from, use for reference",,86bavbdup,complete,event rent idaho,2026-07-15 14:24,2026-07-17 2:00,2026-07-15 18:53,,237651561,0.00,0.00
https://app.clickup.com/t/86bayeaex,,,,,,ER - EventRent,90141883221,Website Content Update,901403935340,"Add additional drayage SKU section for inbound and outbound, separate power and internet into their own","Latest update from Dina. Apparently there are two types of drayage so I think shes asking now for two places to add drayage SKUs, 1 for inbound drayage and 1 for outbound drayage. Then sounds like Power and Internet should be separated and she shared the individual SKUs. Before I make the subtasks, how long do you estimate enabling that change might take?",86bavbdup,complete,event rent idaho,2026-07-15 14:43,2026-07-17 2:00,2026-07-17 15:56,,237651562,0.00,0.00
https://app.clickup.com/t/86bayxmje,,,,,,ER - EventRent,90141883221,Website Content Update,901403935340,"Break out ""Per Booth Products"" into category for exhibitor flow similar to promoter flow",spaces for reference:,86bavbdup,complete,event rent idaho,2026-07-16 11:32,2026-07-20 2:00,2026-07-17 15:56,,237651686,0.00,0.00
https://app.clickup.com/t/86bayyg0q,,,,,,TER - Tablescapes Event Rentals,90141883333,Website Development,901404639131,Cannot see linen color No option to change quantity or delete item https://app.meetvolley.com/products/10728/notes/400439,"Let me know if you need any more info from Christine to address, hopefully doesnt have to do with linens not imported properly..",86bawujtk,to do,tablescapes event rentals,2026-07-16 12:09,2026-07-20 2:00,,,237651687,0.00,0.00
https://app.clickup.com/t/86bayygp3,,,,,,TER - Tablescapes Event Rentals,90141883333,Website Development,901404639131,"Using search ""velvet"" you do not see the color name for each linen https://app.meetvolley.com/products/10728/notes/400440",,86bawujtk,to do,tablescapes event rentals,2026-07-16 12:10,2026-07-20 2:00,,,237651688,0.00,0.00
https://app.clickup.com/t/86bazg8eb,,,,,,ER - EventRent,90141883221,Website Content Update,901403935340,"I've updated the caption twice and when I save changes, it goes back to ""no caption"". https://app.meetvolley.com/products/10683/notes/400504",,86bavbdup,complete,,2026-07-17 11:06,2026-07-21 2:00,2026-07-17 13:35,,237651719,0.00,0.00
https://app.clickup.com/t/86bazg8x4,,,,,,ER - EventRent,90141883221,Website Content Update,901403935340,We would like emails to come from tradeshows@eventrentidaho.com https://app.meetvolley.com/products/10683/notes/400506,,86bavbdup,complete,,2026-07-17 11:07,2026-07-21 2:00,2026-07-17 13:36,,237651720,0.00,0.00
https://app.clickup.com/t/86bazg959,,,,,,ER - EventRent,90141883221,Website Content Update,901403935340,"Please take out ""Internet"". https://app.meetvolley.com/products/10683/notes/400503",,86bavbdup,complete,,2026-07-17 11:07,2026-07-21 2:00,2026-07-17 13:27,,237651721,0.00,0.00
https://app.clickup.com/t/86bazg9c3,,,,,,ER - EventRent,90141883221,Website Content Update,901403935340,Can we please take the captions off here and only show them when you click into the picture? https://app.meetvolley.com/products/10683/notes/400505,,86bavbdup,complete,,2026-07-17 11:07,2026-07-21 2:00,2026-07-17 13:32,,237651722,0.00,0.00
https://app.clickup.com/t/86bazg9ke,,,,,,ER - EventRent,90141883221,Website Content Update,901403935340,Update Testimonials - https://app.meetvolley.com/products/10683/notes/400507,"Reviews Havana Sent for reference:
“Working with EventRent and the tradeshow team was a great experience from start to finish. Communication was prompt and professional. The team's attention to detail and responsiveness made the entire process streamlined, and we would gladly work with EventRent again for future events.”

Anna Marie Aldinger
IBL Events 

""Boise Valley Fly Fishers has been working annually with Event Rent for at least 16 years, providing event support for the Western Idaho Fly Fishing Expo. Over these years, each Event Rent event manager and their staff, responsible for working our event, have been reliable, courteous, and responsive. As our event has grown and encountered new needs and challenges, Event Rent has been resourceful and creative providing novel solutions to meet these challenges. With everything that goes into organizing a large event, our prior experiences with Event Rent have eliminated any anxieties that the event furnishings will not meet needs or our complicated schedule, allowing us to focus on other aspects of the event. As a result, our event has improved each year and gained in popularity.""",86bavbdup,complete,,2026-07-17 11:08,2026-07-21 2:00,2026-07-17 19:09,,237651723,0.00,0.00
https://app.clickup.com/t/86bazgamv,,,,,,ER - EventRent,90141883221,Website Content Update,901403935340,Can we change the email in this footer to tradeshows@eventrentidaho.com? https://app.meetvolley.com/products/10683/notes/400508,,86bavbdup,complete,,2026-07-17 11:09,2026-07-21 2:00,2026-07-17 13:35,,237651724,0.00,0.00
https://app.clickup.com/t/86bazgazd,,,,,,ER - EventRent,90141883221,Website Content Update,901403935340,Line footer items up more evenly https://app.meetvolley.com/products/10683/notes/400509,,86bavbdup,client review,,2026-07-17 11:09,2026-07-21 2:00,,,237651725,0.00,0.00
https://app.clickup.com/t/86bazgbf4,,,,,,ER - EventRent,90141883221,Website Content Update,901403935340,This is technically a quadruple booth. https://app.meetvolley.com/products/10683/notes/400515,Are we supposed to know what that means? Let me know if you need me to follow up via Volley to confirm what she wants us to do here,86bavbdup,complete,,2026-07-17 11:10,2026-07-21 2:00,2026-07-17 13:38,,237651726,0.00,0.00
https://app.clickup.com/t/86bazgc24,,,,,,ER - EventRent,90141883221,Website Content Update,901403935340,Make Promoter Quote Drape Colors Configurable? https://app.meetvolley.com/products/10683/notes/400517,,86bavbdup,complete,,2026-07-17 11:11,2026-07-21 2:00,2026-07-17 19:27,,237651727,0.00,0.00
https://app.clickup.com/t/86bazgcjy,,,,,,ER - EventRent,90141883221,Website Content Update,901403935340,"Please change to ""Side drape included - no side aisle access"" https://app.meetvolley.com/products/10683/notes/400519",,86bavbdup,complete,,2026-07-17 11:12,2026-07-21 2:00,2026-07-17 18:54,,237651728,0.00,0.00
https://app.clickup.com/t/86bazgctx,,,,,,ER - EventRent,90141883221,Website Content Update,901403935340,"Please change to ""open side aisle access"", please take out ""on both sides"" https://app.meetvolley.com/products/10683/notes/400518",,86bavbdup,complete,,2026-07-17 11:12,2026-07-21 2:00,2026-07-17 19:13,,237651729,0.00,0.00
https://app.clickup.com/t/86bazgcy5,,,,,,ER - EventRent,90141883221,Website Content Update,901403935340,"move this note box below the booth items, before the show items? https://app.meetvolley.com/products/10683/notes/400520",,86bavbdup,complete,,2026-07-17 11:12,2026-07-21 2:00,2026-07-17 19:21,,237651730,0.00,0.00
https://app.clickup.com/t/86bazgdtn,,,,,,ER - EventRent,90141883221,Website Content Update,901403935340,Remove unneeded text https://app.meetvolley.com/products/10683/notes/400521,,86bavbdup,complete,,2026-07-17 11:14,2026-07-21 2:00,2026-07-17 19:33,,237651731,0.00,0.00
https://app.clickup.com/t/86bazge5y,,,,,,ER - EventRent,90141883221,Website Content Update,901403935340,Update internet and power labels https://app.meetvolley.com/products/10683/notes/400523,,86bavbdup,complete,,2026-07-17 11:15,2026-07-21 2:00,2026-07-17 20:49,,237651732,0.00,0.00
https://app.clickup.com/t/86bazgecf,,,,,,ER - EventRent,90141883221,Website Content Update,901403935340,Duplicate paying party on Power. Same as following internet section. https://app.meetvolley.com/products/10683/notes/400524,,86bavbdup,complete,,2026-07-17 11:16,2026-07-21 2:00,2026-07-17 21:02,,237651733,0.00,0.00
https://app.clickup.com/t/86bazgeqp,,,,,,ER - EventRent,90141883221,Website Content Update,901403935340,Internet / Requirements Placeholder text - https://app.meetvolley.com/products/10683/notes/400526,,86bavbdup,complete,,2026-07-17 11:16,2026-07-21 2:00,2026-07-17 21:04,,237651734,0.00,0.00
https://app.clickup.com/t/86bazgf5d,,,,,,ER - EventRent,90141883221,Website Content Update,901403935340,Special Power Notes placeholder text https://app.meetvolley.com/products/10683/notes/400527,,86bavbdup,complete,,2026-07-17 11:16,2026-07-21 2:00,2026-07-17 21:09,,237651735,0.00,0.00
https://app.clickup.com/t/86bazgfej,,,,,,ER - EventRent,90141883221,Website Content Update,901403935340,Additional Power Notes Placeholder https://app.meetvolley.com/products/10683/notes/400528,,86bavbdup,complete,,2026-07-17 11:17,2026-07-21 2:00,2026-07-17 21:08,,237651736,0.00,0.00
https://app.clickup.com/t/86bazgfmw,,,,,,ER - EventRent,90141883221,Website Content Update,901403935340,Label notes box as required - https://app.meetvolley.com/products/10683/notes/400529,"Can apply to this comment as well, add label to notes box saying required or mandatory field
https://app.meetvolley.com/products/10683/notes/400531",86bavbdup,complete,,2026-07-17 11:17,2026-07-21 2:00,2026-07-17 21:27,,237651737,0.00,0.00
https://app.clickup.com/t/86bazgg87,,,,,,ER - EventRent,90141883221,Website Content Update,901403935340,Add option for no floor plan https://app.meetvolley.com/products/10683/notes/400532,,86bavbdup,complete,,2026-07-17 11:18,2026-07-21 2:00,2026-07-17 21:27,,237651738,0.00,0.00
https://app.clickup.com/t/86bazgha8,,,,,,ER - EventRent,90141883221,Website Content Update,901403935340,"Improve Event Date, Move-in and Move-out required fields handling https://app.meetvolley.com/products/10683/notes/400533 ",,86bavbdup,complete,,2026-07-17 11:19,2026-07-21 2:00,2026-07-17 21:38,,237651739,0.00,0.00
https://app.clickup.com/t/86bazghvc,,,,,,ER - EventRent,90141883221,Website Content Update,901403935340,Asking about convert to tradeshow from promoter form -https://app.meetvolley.com/products/10683/notes/400534,Marking for client review since we sent this back to the client today,86bavbdup,complete,,2026-07-17 11:20,2026-07-21 2:00,2026-07-17 21:38,,237651740,0.00,0.00
https://app.clickup.com/t/86bazn33h,,,,,,ER - EventRent,90141883221,Website Content Update,901403935340,Confirm ideal size for icon - https://app.meetvolley.com/products/10683/notes/400670,,86bavbdup,complete,,2026-07-17 14:37,2026-07-21 2:00,2026-07-17 21:47,,237651741,0.00,0.00
https://app.clickup.com/t/86baznkb2,,,,,,ER - EventRent,90141883221,Website Content Update,901403935340,Issue accessing Tradeshow https://app.meetvolley.com/products/10683/notes/400674,,86bavbdup,complete,,2026-07-17 15:02,2026-07-21 2:00,2026-07-17 22:20,,237651742,0.00,0.00
https://app.clickup.com/t/86bazpafn,,,,,,ER - EventRent,90141883221,Website Content Update,901403935340,update email to customer - https://app.meetvolley.com/products/10683/notes/400676,"Can we please change ""Tradeshow Quotes"" to ""Vendor Quotes"" 
change the tradeshow quote email to customer to say ""EventRent Vendor/Exhibitor Quote Submission"" 
chagne the email to employees to say ""Vendor/Exhibitor Quote Submission"". 
take off the reference number on the name of the email",86bavbdup,complete,,2026-07-17 15:43,2026-07-21 2:00,2026-07-17 22:31,,237651743,0.00,0.00
